date,city,TMAX,TMIN,reg_id,energy_consumption
2025-04-17,New York,178.0,56.0,NYIS,345024.0
2025-04-17,New York,178.0,56.0,NYIS,346226.0
2025-04-17,New York,178.0,56.0,NYIS,346878.0
2025-04-17,New York,178.0,56.0,NYIS,345612.0
2025-04-17,New York,178.0,56.0,NYIS,345024.0
2025-04-17,New York,178.0,56.0,NYIS,338767.0
2025-04-17,New York,178.0,56.0,NYIS,339280.0
2025-04-17,New York,178.0,56.0,NYIS,339500.0
2025-04-17,New York,178.0,56.0,NYIS,339044.0
2025-04-17,New York,178.0,56.0,NYIS,338767.0
2025-04-17,New York,178.0,56.0,NYIS,303405.0
2025-04-17,New York,178.0,56.0,NYIS,306565.0
2025-04-17,New York,178.0,56.0,NYIS,307914.0
2025-04-17,New York,178.0,56.0,NYIS,304864.0
2025-04-17,New York,178.0,56.0,NYIS,303405.0
2025-04-17,New York,178.0,56.0,NYIS,-41619.0
2025-04-17,New York,178.0,56.0,NYIS,-39661.0
2025-04-17,New York,178.0,56.0,NYIS,-38964.0
2025-04-17,New York,178.0,56.0,NYIS,-40748.0
2025-04-17,New York,178.0,56.0,NYIS,-41619.0
2025-04-18,New York,200.0,89.0,NYIS,342717.0
2025-04-18,New York,200.0,89.0,NYIS,343932.0
2025-04-18,New York,200.0,89.0,NYIS,344463.0
2025-04-18,New York,200.0,89.0,NYIS,343362.0
2025-04-18,New York,200.0,89.0,NYIS,342717.0
2025-04-18,New York,200.0,89.0,NYIS,335070.0
2025-04-18,New York,200.0,89.0,NYIS,336773.0
2025-04-18,New York,200.0,89.0,NYIS,337593.0
2025-04-18,New York,200.0,89.0,NYIS,335924.0
2025-04-18,New York,200.0,89.0,NYIS,335070.0
2025-04-18,New York,200.0,89.0,NYIS,298622.0
2025-04-18,New York,200.0,89.0,NYIS,297156.0
2025-04-18,New York,200.0,89.0,NYIS,296729.0
2025-04-18,New York,200.0,89.0,NYIS,297992.0
2025-04-18,New York,200.0,89.0,NYIS,298622.0
2025-04-18,New York,200.0,89.0,NYIS,-44095.0
2025-04-18,New York,200.0,89.0,NYIS,-46776.0
2025-04-18,New York,200.0,89.0,NYIS,-47734.0
2025-04-18,New York,200.0,89.0,NYIS,-45370.0
2025-04-18,New York,200.0,89.0,NYIS,-44095.0
2025-04-19,New York,294.0,122.0,NYIS,339863.0
2025-04-19,New York,294.0,122.0,NYIS,339286.0
2025-04-19,New York,294.0,122.0,NYIS,338963.0
2025-04-19,New York,294.0,122.0,NYIS,339591.0
2025-04-19,New York,294.0,122.0,NYIS,339863.0
2025-04-19,New York,294.0,122.0,NYIS,331125.0
2025-04-19,New York,294.0,122.0,NYIS,330349.0
2025-04-19,New York,294.0,122.0,NYIS,329810.0
2025-04-19,New York,294.0,122.0,NYIS,330800.0
2025-04-19,New York,294.0,122.0,NYIS,331125.0
2025-04-19,New York,294.0,122.0,NYIS,308176.0
2025-04-19,New York,294.0,122.0,NYIS,308236.0
2025-04-19,New York,294.0,122.0,NYIS,308033.0
2025-04-19,New York,294.0,122.0,NYIS,308103.0
2025-04-19,New York,294.0,122.0,NYIS,308176.0
2025-04-19,New York,294.0,122.0,NYIS,-31687.0
2025-04-19,New York,294.0,122.0,NYIS,-31050.0
2025-04-19,New York,294.0,122.0,NYIS,-30930.0
2025-04-19,New York,294.0,122.0,NYIS,-31488.0
2025-04-19,New York,294.0,122.0,NYIS,-31687.0
2025-04-20,New York,228.0,128.0,NYIS,308781.0
2025-04-20,New York,228.0,128.0,NYIS,309551.0
2025-04-20,New York,228.0,128.0,NYIS,310102.0
2025-04-20,New York,228.0,128.0,NYIS,309102.0
2025-04-20,New York,228.0,128.0,NYIS,308781.0
2025-04-20,New York,228.0,128.0,NYIS,303034.0
2025-04-20,New York,228.0,128.0,NYIS,303588.0
2025-04-20,New York,228.0,128.0,NYIS,304185.0
2025-04-20,New York,228.0,128.0,NYIS,303205.0
2025-04-20,New York,228.0,128.0,NYIS,303034.0
2025-04-20,New York,228.0,128.0,NYIS,270945.0
2025-04-20,New York,228.0,128.0,NYIS,273140.0
2025-04-20,New York,228.0,128.0,NYIS,274416.0
2025-04-20,New York,228.0,128.0,NYIS,272087.0
2025-04-20,New York,228.0,128.0,NYIS,270945.0
2025-04-20,New York,228.0,128.0,NYIS,-37836.0
2025-04-20,New York,228.0,128.0,NYIS,-36411.0
2025-04-20,New York,228.0,128.0,NYIS,-35686.0
2025-04-20,New York,228.0,128.0,NYIS,-37015.0
2025-04-20,New York,228.0,128.0,NYIS,-37836.0
2025-04-21,New York,139.0,100.0,NYIS,360073.0
2025-04-21,New York,139.0,100.0,NYIS,359672.0
2025-04-21,New York,139.0,100.0,NYIS,359352.0
2025-04-21,New York,139.0,100.0,NYIS,359903.0
2025-04-21,New York,139.0,100.0,NYIS,360073.0
2025-04-21,New York,139.0,100.0,NYIS,344657.0
2025-04-21,New York,139.0,100.0,NYIS,344699.0
2025-04-21,New York,139.0,100.0,NYIS,344613.0
2025-04-21,New York,139.0,100.0,NYIS,344706.0
2025-04-21,New York,139.0,100.0,NYIS,344657.0
2025-04-21,New York,139.0,100.0,NYIS,318843.0
2025-04-21,New York,139.0,100.0,NYIS,316086.0
2025-04-21,New York,139.0,100.0,NYIS,314572.0
2025-04-21,New York,139.0,100.0,NYIS,317499.0
2025-04-21,New York,139.0,100.0,NYIS,318843.0
2025-04-21,New York,139.0,100.0,NYIS,-41230.0
2025-04-21,New York,139.0,100.0,NYIS,-43586.0
2025-04-21,New York,139.0,100.0,NYIS,-44780.0
2025-04-21,New York,139.0,100.0,NYIS,-42404.0
2025-04-21,New York,139.0,100.0,NYIS,-41230.0
2025-04-22,New York,278.0,117.0,NYIS,349802.0
2025-04-22,New York,278.0,117.0,NYIS,349763.0
2025-04-22,New York,278.0,117.0,NYIS,349718.0
2025-04-22,New York,278.0,117.0,NYIS,349787.0
2025-04-22,New York,278.0,117.0,NYIS,349802.0
2025-04-22,New York,278.0,117.0,NYIS,335238.0
2025-04-22,New York,278.0,117.0,NYIS,335000.0
2025-04-22,New York,278.0,117.0,NYIS,334838.0
2025-04-22,New York,278.0,117.0,NYIS,335134.0
2025-04-22,New York,278.0,117.0,NYIS,335238.0
2025-04-22,New York,278.0,117.0,NYIS,323186.0
2025-04-22,New York,278.0,117.0,NYIS,324454.0
2025-04-22,New York,278.0,117.0,NYIS,324438.0
2025-04-22,New York,278.0,117.0,NYIS,324093.0
2025-04-22,New York,278.0,117.0,NYIS,323186.0
2025-04-22,New York,278.0,117.0,NYIS,-26616.0
2025-04-22,New York,278.0,117.0,NYIS,-25309.0
2025-04-22,New York,278.0,117.0,NYIS,-25280.0
2025-04-22,New York,278.0,117.0,NYIS,-25694.0
2025-04-22,New York,278.0,117.0,NYIS,-26616.0
2025-04-23,New York,244.0,122.0,NYIS,339599.0
2025-04-23,New York,244.0,122.0,NYIS,339988.0
2025-04-23,New York,244.0,122.0,NYIS,340232.0
2025-04-23,New York,244.0,122.0,NYIS,339780.0
2025-04-23,New York,244.0,122.0,NYIS,339599.0
2025-04-23,New York,244.0,122.0,NYIS,330823.0
2025-04-23,New York,244.0,122.0,NYIS,331044.0
2025-04-23,New York,244.0,122.0,NYIS,331135.0
2025-04-23,New York,244.0,122.0,NYIS,330934.0
2025-04-23,New York,244.0,122.0,NYIS,330823.0
2025-04-23,New York,244.0,122.0,NYIS,304017.0
2025-04-23,New York,244.0,122.0,NYIS,304510.0
2025-04-23,New York,244.0,122.0,NYIS,305604.0
2025-04-23,New York,244.0,122.0,NYIS,303793.0
2025-04-23,New York,244.0,122.0,NYIS,304017.0
2025-04-23,New York,244.0,122.0,NYIS,-35582.0
2025-04-23,New York,244.0,122.0,NYIS,-35478.0
2025-04-23,New York,244.0,122.0,NYIS,-34628.0
2025-04-23,New York,244.0,122.0,NYIS,-35987.0
2025-04-23,New York,244.0,122.0,NYIS,-35582.0
2025-04-24,New York,250.0,133.0,NYIS,348022.0
2025-04-24,New York,250.0,133.0,NYIS,347868.0
2025-04-24,New York,250.0,133.0,NYIS,347655.0
2025-04-24,New York,250.0,133.0,NYIS,347981.0
2025-04-24,New York,250.0,133.0,NYIS,348022.0
2025-04-24,New York,250.0,133.0,NYIS,337096.0
2025-04-24,New York,250.0,133.0,NYIS,337175.0
2025-04-24,New York,250.0,133.0,NYIS,337148.0
2025-04-24,New York,250.0,133.0,NYIS,337159.0
2025-04-24,New York,250.0,133.0,NYIS,337096.0
2025-04-24,New York,250.0,133.0,NYIS,317450.0
2025-04-24,New York,250.0,133.0,NYIS,317755.0
2025-04-24,New York,250.0,133.0,NYIS,317691.0
2025-04-24,New York,250.0,133.0,NYIS,317778.0
2025-04-24,New York,250.0,133.0,NYIS,317450.0
2025-04-24,New York,250.0,133.0,NYIS,-30572.0
2025-04-24,New York,250.0,133.0,NYIS,-30113.0
2025-04-24,New York,250.0,133.0,NYIS,-29964.0
2025-04-24,New York,250.0,133.0,NYIS,-30203.0
2025-04-24,New York,250.0,133.0,NYIS,-30572.0
2025-04-25,New York,250.0,156.0,NYIS,357567.0
2025-04-25,New York,250.0,156.0,NYIS,357140.0
2025-04-25,New York,250.0,156.0,NYIS,356956.0
2025-04-25,New York,250.0,156.0,NYIS,357348.0
2025-04-25,New York,250.0,156.0,NYIS,357567.0
2025-04-25,New York,250.0,156.0,NYIS,344570.0
2025-04-25,New York,250.0,156.0,NYIS,344229.0
2025-04-25,New York,250.0,156.0,NYIS,344074.0
2025-04-25,New York,250.0,156.0,NYIS,344392.0
2025-04-25,New York,250.0,156.0,NYIS,344570.0
2025-04-25,New York,250.0,156.0,NYIS,310623.0
2025-04-25,New York,250.0,156.0,NYIS,310131.0
2025-04-25,New York,250.0,156.0,NYIS,309721.0
2025-04-25,New York,250.0,156.0,NYIS,310392.0
2025-04-25,New York,250.0,156.0,NYIS,310623.0
2025-04-25,New York,250.0,156.0,NYIS,-46944.0
2025-04-25,New York,250.0,156.0,NYIS,-47009.0
2025-04-25,New York,250.0,156.0,NYIS,-47235.0
2025-04-25,New York,250.0,156.0,NYIS,-46956.0
2025-04-25,New York,250.0,156.0,NYIS,-46944.0
2025-04-26,New York,233.0,117.0,NYIS,350143.0
2025-04-26,New York,233.0,117.0,NYIS,350683.0
2025-04-26,New York,233.0,117.0,NYIS,350989.0
2025-04-26,New York,233.0,117.0,NYIS,350409.0
2025-04-26,New York,233.0,117.0,NYIS,350143.0
2025-04-26,New York,233.0,117.0,NYIS,336630.0
2025-04-26,New York,233.0,117.0,NYIS,337036.0
2025-04-26,New York,233.0,117.0,NYIS,337286.0
2025-04-26,New York,233.0,117.0,NYIS,336828.0
2025-04-26,New York,233.0,117.0,NYIS,336630.0
2025-04-26,New York,233.0,117.0,NYIS,304113.0
2025-04-26,New York,233.0,117.0,NYIS,304219.0
2025-04-26,New York,233.0,117.0,NYIS,304321.0
2025-04-26,New York,233.0,117.0,NYIS,304232.0
2025-04-26,New York,233.0,117.0,NYIS,304113.0
2025-04-26,New York,233.0,117.0,NYIS,-46030.0
2025-04-26,New York,233.0,117.0,NYIS,-46464.0
2025-04-26,New York,233.0,117.0,NYIS,-46668.0
2025-04-26,New York,233.0,117.0,NYIS,-46177.0
2025-04-26,New York,233.0,117.0,NYIS,-46030.0
2025-04-27,New York,150.0,89.0,NYIS,319384.0
2025-04-27,New York,150.0,89.0,NYIS,319561.0
2025-04-27,New York,150.0,89.0,NYIS,319753.0
2025-04-27,New York,150.0,89.0,NYIS,319431.0
2025-04-27,New York,150.0,89.0,NYIS,319384.0
2025-04-27,New York,150.0,89.0,NYIS,311803.0
2025-04-27,New York,150.0,89.0,NYIS,311789.0
2025-04-27,New York,150.0,89.0,NYIS,311893.0
2025-04-27,New York,150.0,89.0,NYIS,311751.0
2025-04-27,New York,150.0,89.0,NYIS,311803.0
2025-04-27,New York,150.0,89.0,NYIS,285616.0
2025-04-27,New York,150.0,89.0,NYIS,286659.0
2025-04-27,New York,150.0,89.0,NYIS,286865.0
2025-04-27,New York,150.0,89.0,NYIS,286185.0
2025-04-27,New York,150.0,89.0,NYIS,285616.0
2025-04-27,New York,150.0,89.0,NYIS,-33768.0
2025-04-27,New York,150.0,89.0,NYIS,-32902.0
2025-04-27,New York,150.0,89.0,NYIS,-32888.0
2025-04-27,New York,150.0,89.0,NYIS,-33246.0
2025-04-27,New York,150.0,89.0,NYIS,-33768.0
2025-04-28,New York,244.0,106.0,NYIS,337969.0
2025-04-28,New York,244.0,106.0,NYIS,338115.0
2025-04-28,New York,244.0,106.0,NYIS,338108.0
2025-04-28,New York,244.0,106.0,NYIS,338073.0
2025-04-28,New York,244.0,106.0,NYIS,337969.0
2025-04-28,New York,244.0,106.0,NYIS,329618.0
2025-04-28,New York,244.0,106.0,NYIS,329849.0
2025-04-28,New York,244.0,106.0,NYIS,329866.0
2025-04-28,New York,244.0,106.0,NYIS,329759.0
2025-04-28,New York,244.0,106.0,NYIS,329618.0
2025-04-28,New York,244.0,106.0,NYIS,296099.0
2025-04-28,New York,244.0,106.0,NYIS,293905.0
2025-04-28,New York,244.0,106.0,NYIS,293366.0
2025-04-28,New York,244.0,106.0,NYIS,294839.0
2025-04-28,New York,244.0,106.0,NYIS,296099.0
2025-04-28,New York,244.0,106.0,NYIS,-41870.0
2025-04-28,New York,244.0,106.0,NYIS,-44210.0
2025-04-28,New York,244.0,106.0,NYIS,-44742.0
2025-04-28,New York,244.0,106.0,NYIS,-43234.0
2025-04-28,New York,244.0,106.0,NYIS,-41870.0
2025-04-29,New York,261.0,,NYIS,351109.0
2025-04-29,New York,261.0,,NYIS,350441.0
2025-04-29,New York,261.0,,NYIS,350034.0
2025-04-29,New York,261.0,,NYIS,350806.0
2025-04-29,New York,261.0,,NYIS,351109.0
2025-04-29,New York,261.0,,NYIS,351809.0
2025-04-29,New York,261.0,,NYIS,350992.0
2025-04-29,New York,261.0,,NYIS,350472.0
2025-04-29,New York,261.0,,NYIS,351435.0
2025-04-29,New York,261.0,,NYIS,351809.0
2025-04-29,New York,261.0,,NYIS,325378.0
2025-04-29,New York,261.0,,NYIS,325781.0
2025-04-29,New York,261.0,,NYIS,325429.0
2025-04-29,New York,261.0,,NYIS,325484.0
2025-04-29,New York,261.0,,NYIS,325378.0
2025-04-29,New York,261.0,,NYIS,-25731.0
2025-04-29,New York,261.0,,NYIS,-24660.0
2025-04-29,New York,261.0,,NYIS,-24605.0
2025-04-29,New York,261.0,,NYIS,-25322.0
2025-04-29,New York,261.0,,NYIS,-25731.0
2025-04-17,Chicago,178.0,39.0,PJM,1976909.0
2025-04-17,Chicago,178.0,39.0,PJM,1984899.0
2025-04-17,Chicago,178.0,39.0,PJM,1988774.0
2025-04-17,Chicago,178.0,39.0,PJM,1981075.0
2025-04-17,Chicago,178.0,39.0,PJM,1976909.0
2025-04-17,Chicago,178.0,39.0,PJM,1986458.0
2025-04-17,Chicago,178.0,39.0,PJM,1994348.0
2025-04-17,Chicago,178.0,39.0,PJM,1997485.0
2025-04-17,Chicago,178.0,39.0,PJM,1990560.0
2025-04-17,Chicago,178.0,39.0,PJM,1986458.0
2025-04-17,Chicago,178.0,39.0,PJM,2017392.0
2025-04-17,Chicago,178.0,39.0,PJM,2022674.0
2025-04-17,Chicago,178.0,39.0,PJM,2026164.0
2025-04-17,Chicago,178.0,39.0,PJM,2019534.0
2025-04-17,Chicago,178.0,39.0,PJM,2017392.0
2025-04-17,Chicago,178.0,39.0,PJM,40485.0
2025-04-17,Chicago,178.0,39.0,PJM,37777.0
2025-04-17,Chicago,178.0,39.0,PJM,37391.0
2025-04-17,Chicago,178.0,39.0,PJM,38461.0
2025-04-17,Chicago,178.0,39.0,PJM,40485.0
2025-04-18,Chicago,244.0,156.0,PJM,1900789.0
2025-04-18,Chicago,244.0,156.0,PJM,1907138.0
2025-04-18,Chicago,244.0,156.0,PJM,1908963.0
2025-04-18,Chicago,244.0,156.0,PJM,1904267.0
2025-04-18,Chicago,244.0,156.0,PJM,1900789.0
2025-04-18,Chicago,244.0,156.0,PJM,1924555.0
2025-04-18,Chicago,244.0,156.0,PJM,1934593.0
2025-04-18,Chicago,244.0,156.0,PJM,1938153.0
2025-04-18,Chicago,244.0,156.0,PJM,1930060.0
2025-04-18,Chicago,244.0,156.0,PJM,1924555.0
2025-04-18,Chicago,244.0,156.0,PJM,1996913.0
2025-04-18,Chicago,244.0,156.0,PJM,2004299.0
2025-04-18,Chicago,244.0,156.0,PJM,2004530.0
2025-04-18,Chicago,244.0,156.0,PJM,2001384.0
2025-04-18,Chicago,244.0,156.0,PJM,1996913.0
2025-04-18,Chicago,244.0,156.0,PJM,96122.0
2025-04-18,Chicago,244.0,156.0,PJM,97160.0
2025-04-18,Chicago,244.0,156.0,PJM,95567.0
2025-04-18,Chicago,244.0,156.0,PJM,97116.0
2025-04-18,Chicago,244.0,156.0,PJM,96122.0
2025-04-19,Chicago,156.0,67.0,PJM,1859100.0
2025-04-19,Chicago,156.0,67.0,PJM,1860381.0
2025-04-19,Chicago,156.0,67.0,PJM,1860314.0
2025-04-19,Chicago,156.0,67.0,PJM,1859942.0
2025-04-19,Chicago,156.0,67.0,PJM,1859100.0
2025-04-19,Chicago,156.0,67.0,PJM,1866504.0
2025-04-19,Chicago,156.0,67.0,PJM,1866987.0
2025-04-19,Chicago,156.0,67.0,PJM,1866940.0
2025-04-19,Chicago,156.0,67.0,PJM,1866933.0
2025-04-19,Chicago,156.0,67.0,PJM,1866504.0
2025-04-19,Chicago,156.0,67.0,PJM,1907844.0
2025-04-19,Chicago,156.0,67.0,PJM,1911693.0
2025-04-19,Chicago,156.0,67.0,PJM,1913124.0
2025-04-19,Chicago,156.0,67.0,PJM,1910071.0
2025-04-19,Chicago,156.0,67.0,PJM,1907844.0
2025-04-19,Chicago,156.0,67.0,PJM,48742.0
2025-04-19,Chicago,156.0,67.0,PJM,51310.0
2025-04-19,Chicago,156.0,67.0,PJM,52808.0
2025-04-19,Chicago,156.0,67.0,PJM,50127.0
2025-04-19,Chicago,156.0,67.0,PJM,48742.0
2025-04-20,Chicago,150.0,72.0,PJM,1778229.0
2025-04-20,Chicago,150.0,72.0,PJM,1781497.0
2025-04-20,Chicago,150.0,72.0,PJM,1784171.0
2025-04-20,Chicago,150.0,72.0,PJM,1779675.0
2025-04-20,Chicago,150.0,72.0,PJM,1778229.0
2025-04-20,Chicago,150.0,72.0,PJM,1806551.0
2025-04-20,Chicago,150.0,72.0,PJM,1806429.0
2025-04-20,Chicago,150.0,72.0,PJM,1807591.0
2025-04-20,Chicago,150.0,72.0,PJM,1806017.0
2025-04-20,Chicago,150.0,72.0,PJM,1806551.0
2025-04-20,Chicago,150.0,72.0,PJM,1871927.0
2025-04-20,Chicago,150.0,72.0,PJM,1871529.0
2025-04-20,Chicago,150.0,72.0,PJM,1873052.0
2025-04-20,Chicago,150.0,72.0,PJM,1871316.0
2025-04-20,Chicago,150.0,72.0,PJM,1871927.0
2025-04-20,Chicago,150.0,72.0,PJM,93695.0
2025-04-20,Chicago,150.0,72.0,PJM,90027.0
2025-04-20,Chicago,150.0,72.0,PJM,88876.0
2025-04-20,Chicago,150.0,72.0,PJM,91637.0
2025-04-20,Chicago,150.0,72.0,PJM,93695.0
2025-04-21,Chicago,161.0,72.0,PJM,1954729.0
2025-04-21,Chicago,161.0,72.0,PJM,1947254.0
2025-04-21,Chicago,161.0,72.0,PJM,1944658.0
2025-04-21,Chicago,161.0,72.0,PJM,1951008.0
2025-04-21,Chicago,161.0,72.0,PJM,1954729.0
2025-04-21,Chicago,161.0,72.0,PJM,1942467.0
2025-04-21,Chicago,161.0,72.0,PJM,1940266.0
2025-04-21,Chicago,161.0,72.0,PJM,1938994.0
2025-04-21,Chicago,161.0,72.0,PJM,1941446.0
2025-04-21,Chicago,161.0,72.0,PJM,1942467.0
2025-04-21,Chicago,161.0,72.0,PJM,2020455.0
2025-04-21,Chicago,161.0,72.0,PJM,2019712.0
2025-04-21,Chicago,161.0,72.0,PJM,2018898.0
2025-04-21,Chicago,161.0,72.0,PJM,2020339.0
2025-04-21,Chicago,161.0,72.0,PJM,2020455.0
2025-04-21,Chicago,161.0,72.0,PJM,65720.0
2025-04-21,Chicago,161.0,72.0,PJM,72454.0
2025-04-21,Chicago,161.0,72.0,PJM,74235.0
2025-04-21,Chicago,161.0,72.0,PJM,69326.0
2025-04-21,Chicago,161.0,72.0,PJM,65720.0
2025-04-22,Chicago,233.0,50.0,PJM,1972440.0
2025-04-22,Chicago,233.0,50.0,PJM,1973312.0
2025-04-22,Chicago,233.0,50.0,PJM,1972644.0
2025-04-22,Chicago,233.0,50.0,PJM,1973015.0
2025-04-22,Chicago,233.0,50.0,PJM,1972440.0
2025-04-22,Chicago,233.0,50.0,PJM,1962527.0
2025-04-22,Chicago,233.0,50.0,PJM,1961323.0
2025-04-22,Chicago,233.0,50.0,PJM,1960511.0
2025-04-22,Chicago,233.0,50.0,PJM,1962018.0
2025-04-22,Chicago,233.0,50.0,PJM,1962527.0
2025-04-22,Chicago,233.0,50.0,PJM,1985487.0
2025-04-22,Chicago,233.0,50.0,PJM,1981405.0
2025-04-22,Chicago,233.0,50.0,PJM,1980216.0
2025-04-22,Chicago,233.0,50.0,PJM,1983447.0
2025-04-22,Chicago,233.0,50.0,PJM,1985487.0
2025-04-22,Chicago,233.0,50.0,PJM,13048.0
2025-04-22,Chicago,233.0,50.0,PJM,8092.0
2025-04-22,Chicago,233.0,50.0,PJM,7572.0
2025-04-22,Chicago,233.0,50.0,PJM,10431.0
2025-04-22,Chicago,233.0,50.0,PJM,13048.0
2025-04-23,Chicago,244.0,133.0,PJM,1965444.0
2025-04-23,Chicago,244.0,133.0,PJM,1966137.0
2025-04-23,Chicago,244.0,133.0,PJM,1966554.0
2025-04-23,Chicago,244.0,133.0,PJM,1965657.0
2025-04-23,Chicago,244.0,133.0,PJM,1965444.0
2025-04-23,Chicago,244.0,133.0,PJM,1940555.0
2025-04-23,Chicago,244.0,133.0,PJM,1941994.0
2025-04-23,Chicago,244.0,133.0,PJM,1942673.0
2025-04-23,Chicago,244.0,133.0,PJM,1941311.0
2025-04-23,Chicago,244.0,133.0,PJM,1940555.0
2025-04-23,Chicago,244.0,133.0,PJM,2001023.0
2025-04-23,Chicago,244.0,133.0,PJM,2006025.0
2025-04-23,Chicago,244.0,133.0,PJM,2006595.0
2025-04-23,Chicago,244.0,133.0,PJM,2003818.0
2025-04-23,Chicago,244.0,133.0,PJM,2001023.0
2025-04-23,Chicago,244.0,133.0,PJM,35576.0
2025-04-23,Chicago,244.0,133.0,PJM,39887.0
2025-04-23,Chicago,244.0,133.0,PJM,40041.0
2025-04-23,Chicago,244.0,133.0,PJM,38160.0
2025-04-23,Chicago,244.0,133.0,PJM,35576.0
2025-04-24,Chicago,239.0,106.0,PJM,1991453.0
2025-04-24,Chicago,239.0,106.0,PJM,1990303.0
2025-04-24,Chicago,239.0,106.0,PJM,1989232.0
2025-04-24,Chicago,239.0,106.0,PJM,1990828.0
2025-04-24,Chicago,239.0,106.0,PJM,1991453.0
2025-04-24,Chicago,239.0,106.0,PJM,1962343.0
2025-04-24,Chicago,239.0,106.0,PJM,1961826.0
2025-04-24,Chicago,239.0,106.0,PJM,1961297.0
2025-04-24,Chicago,239.0,106.0,PJM,1962128.0
2025-04-24,Chicago,239.0,106.0,PJM,1962343.0
2025-04-24,Chicago,239.0,106.0,PJM,1998221.0
2025-04-24,Chicago,239.0,106.0,PJM,1996655.0
2025-04-24,Chicago,239.0,106.0,PJM,1995481.0
2025-04-24,Chicago,239.0,106.0,PJM,1997434.0
2025-04-24,Chicago,239.0,106.0,PJM,1998221.0
2025-04-24,Chicago,239.0,106.0,PJM,6772.0
2025-04-24,Chicago,239.0,106.0,PJM,6355.0
2025-04-24,Chicago,239.0,106.0,PJM,6251.0
2025-04-24,Chicago,239.0,106.0,PJM,6609.0
2025-04-24,Chicago,239.0,106.0,PJM,6772.0
2025-04-25,Chicago,150.0,83.0,PJM,1973234.0
2025-04-25,Chicago,150.0,83.0,PJM,1971502.0
2025-04-25,Chicago,150.0,83.0,PJM,1971678.0
2025-04-25,Chicago,150.0,83.0,PJM,1972530.0
2025-04-25,Chicago,150.0,83.0,PJM,1973234.0
2025-04-25,Chicago,150.0,83.0,PJM,1921461.0
2025-04-25,Chicago,150.0,83.0,PJM,1925491.0
2025-04-25,Chicago,150.0,83.0,PJM,1927140.0
2025-04-25,Chicago,150.0,83.0,PJM,1923637.0
2025-04-25,Chicago,150.0,83.0,PJM,1921461.0
2025-04-25,Chicago,150.0,83.0,PJM,1987515.0
2025-04-25,Chicago,150.0,83.0,PJM,1982554.0
2025-04-25,Chicago,150.0,83.0,PJM,1982702.0
2025-04-25,Chicago,150.0,83.0,PJM,1984786.0
2025-04-25,Chicago,150.0,83.0,PJM,1987515.0
2025-04-25,Chicago,150.0,83.0,PJM,14276.0
2025-04-25,Chicago,150.0,83.0,PJM,11048.0
2025-04-25,Chicago,150.0,83.0,PJM,11020.0
2025-04-25,Chicago,150.0,83.0,PJM,12252.0
2025-04-25,Chicago,150.0,83.0,PJM,14276.0
2025-04-26,Chicago,122.0,50.0,PJM,1844781.0
2025-04-26,Chicago,122.0,50.0,PJM,1852432.0
2025-04-26,Chicago,122.0,50.0,PJM,1855708.0
2025-04-26,Chicago,122.0,50.0,PJM,1848212.0
2025-04-26,Chicago,122.0,50.0,PJM,1844781.0
2025-04-26,Chicago,122.0,50.0,PJM,1775810.0
2025-04-26,Chicago,122.0,50.0,PJM,1776214.0
2025-04-26,Chicago,122.0,50.0,PJM,1777237.0
2025-04-26,Chicago,122.0,50.0,PJM,1775633.0
2025-04-26,Chicago,122.0,50.0,PJM,1775810.0
2025-04-26,Chicago,122.0,50.0,PJM,1884595.0
2025-04-26,Chicago,122.0,50.0,PJM,1893362.0
2025-04-26,Chicago,122.0,50.0,PJM,1896224.0
2025-04-26,Chicago,122.0,50.0,PJM,1888858.0
2025-04-26,Chicago,122.0,50.0,PJM,1884595.0
2025-04-26,Chicago,122.0,50.0,PJM,39811.0
2025-04-26,Chicago,122.0,50.0,PJM,40926.0
2025-04-26,Chicago,122.0,50.0,PJM,40512.0
2025-04-26,Chicago,122.0,50.0,PJM,40642.0
2025-04-26,Chicago,122.0,50.0,PJM,39811.0
2025-04-27,Chicago,206.0,39.0,PJM,1744074.0
2025-04-27,Chicago,206.0,39.0,PJM,1742405.0
2025-04-27,Chicago,206.0,39.0,PJM,1742725.0
2025-04-27,Chicago,206.0,39.0,PJM,1743036.0
2025-04-27,Chicago,206.0,39.0,PJM,1744074.0
2025-04-27,Chicago,206.0,39.0,PJM,1733784.0
2025-04-27,Chicago,206.0,39.0,PJM,1732940.0
2025-04-27,Chicago,206.0,39.0,PJM,1733437.0
2025-04-27,Chicago,206.0,39.0,PJM,1733200.0
2025-04-27,Chicago,206.0,39.0,PJM,1733784.0
2025-04-27,Chicago,206.0,39.0,PJM,1799636.0
2025-04-27,Chicago,206.0,39.0,PJM,1798130.0
2025-04-27,Chicago,206.0,39.0,PJM,1798094.0
2025-04-27,Chicago,206.0,39.0,PJM,1798765.0
2025-04-27,Chicago,206.0,39.0,PJM,1799636.0
2025-04-27,Chicago,206.0,39.0,PJM,55561.0
2025-04-27,Chicago,206.0,39.0,PJM,55724.0
2025-04-27,Chicago,206.0,39.0,PJM,55368.0
2025-04-27,Chicago,206.0,39.0,PJM,55728.0
2025-04-27,Chicago,206.0,39.0,PJM,55561.0
2025-04-28,Chicago,289.0,117.0,PJM,1953655.0
2025-04-28,Chicago,289.0,117.0,PJM,1947033.0
2025-04-28,Chicago,289.0,117.0,PJM,1942538.0
2025-04-28,Chicago,289.0,117.0,PJM,1950917.0
2025-04-28,Chicago,289.0,117.0,PJM,1953655.0
2025-04-28,Chicago,289.0,117.0,PJM,1896575.0
2025-04-28,Chicago,289.0,117.0,PJM,1893306.0
2025-04-28,Chicago,289.0,117.0,PJM,1890624.0
2025-04-28,Chicago,289.0,117.0,PJM,1895237.0
2025-04-28,Chicago,289.0,117.0,PJM,1896575.0
2025-04-28,Chicago,289.0,117.0,PJM,2009277.0
2025-04-28,Chicago,289.0,117.0,PJM,2000335.0
2025-04-28,Chicago,289.0,117.0,PJM,1994953.0
2025-04-28,Chicago,289.0,117.0,PJM,2005138.0
2025-04-28,Chicago,289.0,117.0,PJM,2009277.0
2025-04-28,Chicago,289.0,117.0,PJM,55623.0
2025-04-28,Chicago,289.0,117.0,PJM,53303.0
2025-04-28,Chicago,289.0,117.0,PJM,52416.0
2025-04-28,Chicago,289.0,117.0,PJM,54222.0
2025-04-28,Chicago,289.0,117.0,PJM,55623.0
2025-04-29,Chicago,250.0,,PJM,2026336.0
2025-04-29,Chicago,250.0,,PJM,2024656.0
2025-04-29,Chicago,250.0,,PJM,2023761.0
2025-04-29,Chicago,250.0,,PJM,2025507.0
2025-04-29,Chicago,250.0,,PJM,2026336.0
2025-04-29,Chicago,250.0,,PJM,2019800.0
2025-04-29,Chicago,250.0,,PJM,2015604.0
2025-04-29,Chicago,250.0,,PJM,2013028.0
2025-04-29,Chicago,250.0,,PJM,2017852.0
2025-04-29,Chicago,250.0,,PJM,2019800.0
2025-04-29,Chicago,250.0,,PJM,2077085.0
2025-04-29,Chicago,250.0,,PJM,2077026.0
2025-04-29,Chicago,250.0,,PJM,2077287.0
2025-04-29,Chicago,250.0,,PJM,2076827.0
2025-04-29,Chicago,250.0,,PJM,2077085.0
2025-04-29,Chicago,250.0,,PJM,50745.0
2025-04-29,Chicago,250.0,,PJM,52367.0
2025-04-29,Chicago,250.0,,PJM,53523.0
2025-04-29,Chicago,250.0,,PJM,51316.0
2025-04-29,Chicago,250.0,,PJM,50745.0
2025-04-17,Houston,306.0,206.0,ERCO,1272816.0
2025-04-17,Houston,306.0,206.0,ERCO,1269757.0
2025-04-17,Houston,306.0,206.0,ERCO,1268273.0
2025-04-17,Houston,306.0,206.0,ERCO,1271316.0
2025-04-17,Houston,306.0,206.0,ERCO,1272816.0
2025-04-17,Houston,306.0,206.0,ERCO,1263414.0
2025-04-17,Houston,306.0,206.0,ERCO,1258187.0
2025-04-17,Houston,306.0,206.0,ERCO,1257433.0
2025-04-17,Houston,306.0,206.0,ERCO,1260843.0
2025-04-17,Houston,306.0,206.0,ERCO,1263414.0
2025-04-17,Houston,306.0,206.0,ERCO,1270312.0
2025-04-17,Houston,306.0,206.0,ERCO,1267150.0
2025-04-17,Houston,306.0,206.0,ERCO,1265596.0
2025-04-17,Houston,306.0,206.0,ERCO,1268761.0
2025-04-17,Houston,306.0,206.0,ERCO,1270312.0
2025-04-17,Houston,306.0,206.0,ERCO,-2492.0
2025-04-17,Houston,306.0,206.0,ERCO,-2594.0
2025-04-17,Houston,306.0,206.0,ERCO,-2664.0
2025-04-17,Houston,306.0,206.0,ERCO,-2542.0
2025-04-17,Houston,306.0,206.0,ERCO,-2492.0
2025-04-18,Houston,317.0,233.0,ERCO,1287137.0
2025-04-18,Houston,317.0,233.0,ERCO,1283826.0
2025-04-18,Houston,317.0,233.0,ERCO,1282488.0
2025-04-18,Houston,317.0,233.0,ERCO,1285446.0
2025-04-18,Houston,317.0,233.0,ERCO,1287137.0
2025-04-18,Houston,317.0,233.0,ERCO,1310984.0
2025-04-18,Houston,317.0,233.0,ERCO,1307293.0
2025-04-18,Houston,317.0,233.0,ERCO,1304177.0
2025-04-18,Houston,317.0,233.0,ERCO,1309148.0
2025-04-18,Houston,317.0,233.0,ERCO,1310984.0
2025-04-18,Houston,317.0,233.0,ERCO,1286385.0
2025-04-18,Houston,317.0,233.0,ERCO,1283176.0
2025-04-18,Houston,317.0,233.0,ERCO,1281920.0
2025-04-18,Houston,317.0,233.0,ERCO,1284744.0
2025-04-18,Houston,317.0,233.0,ERCO,1286385.0
2025-04-18,Houston,317.0,233.0,ERCO,-744.0
2025-04-18,Houston,317.0,233.0,ERCO,-643.0
2025-04-18,Houston,317.0,233.0,ERCO,-561.0
2025-04-18,Houston,317.0,233.0,ERCO,-694.0
2025-04-18,Houston,317.0,233.0,ERCO,-744.0
2025-04-19,Houston,289.0,233.0,ERCO,1201797.0
2025-04-19,Houston,289.0,233.0,ERCO,1206502.0
2025-04-19,Houston,289.0,233.0,ERCO,1209716.0
2025-04-19,Houston,289.0,233.0,ERCO,1204062.0
2025-04-19,Houston,289.0,233.0,ERCO,1201797.0
2025-04-19,Houston,289.0,233.0,ERCO,1242052.0
2025-04-19,Houston,289.0,233.0,ERCO,1246521.0
2025-04-19,Houston,289.0,233.0,ERCO,1250085.0
2025-04-19,Houston,289.0,233.0,ERCO,1243984.0
2025-04-19,Houston,289.0,233.0,ERCO,1242052.0
2025-04-19,Houston,289.0,233.0,ERCO,1200299.0
2025-04-19,Houston,289.0,233.0,ERCO,1204957.0
2025-04-19,Houston,289.0,233.0,ERCO,1208096.0
2025-04-19,Houston,289.0,233.0,ERCO,1202564.0
2025-04-19,Houston,289.0,233.0,ERCO,1200299.0
2025-04-19,Houston,289.0,233.0,ERCO,-1488.0
2025-04-19,Houston,289.0,233.0,ERCO,-1534.0
2025-04-19,Houston,289.0,233.0,ERCO,-1609.0
2025-04-19,Houston,289.0,233.0,ERCO,-1488.0
2025-04-19,Houston,289.0,233.0,ERCO,-1488.0
2025-04-20,Houston,306.0,233.0,ERCO,1156174.0
2025-04-20,Houston,306.0,233.0,ERCO,1164313.0
2025-04-20,Houston,306.0,233.0,ERCO,1167853.0
2025-04-20,Houston,306.0,233.0,ERCO,1160109.0
2025-04-20,Houston,306.0,233.0,ERCO,1156174.0
2025-04-20,Houston,306.0,233.0,ERCO,1167010.0
2025-04-20,Houston,306.0,233.0,ERCO,1173325.0
2025-04-20,Houston,306.0,233.0,ERCO,1176288.0
2025-04-20,Houston,306.0,233.0,ERCO,1170273.0
2025-04-20,Houston,306.0,233.0,ERCO,1167010.0
2025-04-20,Houston,306.0,233.0,ERCO,1152804.0
2025-04-20,Houston,306.0,233.0,ERCO,1160824.0
2025-04-20,Houston,306.0,233.0,ERCO,1164507.0
2025-04-20,Houston,306.0,233.0,ERCO,1156624.0
2025-04-20,Houston,306.0,233.0,ERCO,1152804.0
2025-04-20,Houston,306.0,233.0,ERCO,-3360.0
2025-04-20,Houston,306.0,233.0,ERCO,-3480.0
2025-04-20,Houston,306.0,233.0,ERCO,-3336.0
2025-04-20,Houston,306.0,233.0,ERCO,-3476.0
2025-04-20,Houston,306.0,233.0,ERCO,-3360.0
2025-04-21,Houston,300.0,211.0,ERCO,1207627.0
2025-04-21,Houston,300.0,211.0,ERCO,1203414.0
2025-04-21,Houston,300.0,211.0,ERCO,1200622.0
2025-04-21,Houston,300.0,211.0,ERCO,1205672.0
2025-04-21,Houston,300.0,211.0,ERCO,1207627.0
2025-04-21,Houston,300.0,211.0,ERCO,1222526.0
2025-04-21,Houston,300.0,211.0,ERCO,1219232.0
2025-04-21,Houston,300.0,211.0,ERCO,1217586.0
2025-04-21,Houston,300.0,211.0,ERCO,1221059.0
2025-04-21,Houston,300.0,211.0,ERCO,1222526.0
2025-04-21,Houston,300.0,211.0,ERCO,1206075.0
2025-04-21,Houston,300.0,211.0,ERCO,1202150.0
2025-04-21,Houston,300.0,211.0,ERCO,1199377.0
2025-04-21,Houston,300.0,211.0,ERCO,1204305.0
2025-04-21,Houston,300.0,211.0,ERCO,1206075.0
2025-04-21,Houston,300.0,211.0,ERCO,-1546.0
2025-04-21,Houston,300.0,211.0,ERCO,-1257.0
2025-04-21,Houston,300.0,211.0,ERCO,-1238.0
2025-04-21,Houston,300.0,211.0,ERCO,-1360.0
2025-04-21,Houston,300.0,211.0,ERCO,-1546.0
2025-04-22,Houston,306.0,194.0,ERCO,1285560.0
2025-04-22,Houston,306.0,194.0,ERCO,1280596.0
2025-04-22,Houston,306.0,194.0,ERCO,1277673.0
2025-04-22,Houston,306.0,194.0,ERCO,1283225.0
2025-04-22,Houston,306.0,194.0,ERCO,1285560.0
2025-04-22,Houston,306.0,194.0,ERCO,1268057.0
2025-04-22,Houston,306.0,194.0,ERCO,1264101.0
2025-04-22,Houston,306.0,194.0,ERCO,1261583.0
2025-04-22,Houston,306.0,194.0,ERCO,1266231.0
2025-04-22,Houston,306.0,194.0,ERCO,1268057.0
2025-04-22,Houston,306.0,194.0,ERCO,1282454.0
2025-04-22,Houston,306.0,194.0,ERCO,1277430.0
2025-04-22,Houston,306.0,194.0,ERCO,1274491.0
2025-04-22,Houston,306.0,194.0,ERCO,1280080.0
2025-04-22,Houston,306.0,194.0,ERCO,1282454.0
2025-04-22,Houston,306.0,194.0,ERCO,-3100.0
2025-04-22,Houston,306.0,194.0,ERCO,-3160.0
2025-04-22,Houston,306.0,194.0,ERCO,-3176.0
2025-04-22,Houston,306.0,194.0,ERCO,-3139.0
2025-04-22,Houston,306.0,194.0,ERCO,-3100.0
2025-04-23,Houston,250.0,206.0,ERCO,1247638.0
2025-04-23,Houston,250.0,206.0,ERCO,1249686.0
2025-04-23,Houston,250.0,206.0,ERCO,1251724.0
2025-04-23,Houston,250.0,206.0,ERCO,1248399.0
2025-04-23,Houston,250.0,206.0,ERCO,1247638.0
2025-04-23,Houston,250.0,206.0,ERCO,1261210.0
2025-04-23,Houston,250.0,206.0,ERCO,1263477.0
2025-04-23,Houston,250.0,206.0,ERCO,1264739.0
2025-04-23,Houston,250.0,206.0,ERCO,1262218.0
2025-04-23,Houston,250.0,206.0,ERCO,1261210.0
2025-04-23,Houston,250.0,206.0,ERCO,1245668.0
2025-04-23,Houston,250.0,206.0,ERCO,1247654.0
2025-04-23,Houston,250.0,206.0,ERCO,1249658.0
2025-04-23,Houston,250.0,206.0,ERCO,1246398.0
2025-04-23,Houston,250.0,206.0,ERCO,1245668.0
2025-04-23,Houston,250.0,206.0,ERCO,-1961.0
2025-04-23,Houston,250.0,206.0,ERCO,-2023.0
2025-04-23,Houston,250.0,206.0,ERCO,-2058.0
2025-04-23,Houston,250.0,206.0,ERCO,-1992.0
2025-04-23,Houston,250.0,206.0,ERCO,-1961.0
2025-04-24,Houston,294.0,194.0,ERCO,1237172.0
2025-04-24,Houston,294.0,194.0,ERCO,1240716.0
2025-04-24,Houston,294.0,194.0,ERCO,1242532.0
2025-04-24,Houston,294.0,194.0,ERCO,1238857.0
2025-04-24,Houston,294.0,194.0,ERCO,1237172.0
2025-04-24,Houston,294.0,194.0,ERCO,1271021.0
2025-04-24,Houston,294.0,194.0,ERCO,1271877.0
2025-04-24,Houston,294.0,194.0,ERCO,1270596.0
2025-04-24,Houston,294.0,194.0,ERCO,1271392.0
2025-04-24,Houston,294.0,194.0,ERCO,1271021.0
2025-04-24,Houston,294.0,194.0,ERCO,1237904.0
2025-04-24,Houston,294.0,194.0,ERCO,1241283.0
2025-04-24,Houston,294.0,194.0,ERCO,1243098.0
2025-04-24,Houston,294.0,194.0,ERCO,1239547.0
2025-04-24,Houston,294.0,194.0,ERCO,1237904.0
2025-04-24,Houston,294.0,194.0,ERCO,731.0
2025-04-24,Houston,294.0,194.0,ERCO,566.0
2025-04-24,Houston,294.0,194.0,ERCO,565.0
2025-04-24,Houston,294.0,194.0,ERCO,689.0
2025-04-24,Houston,294.0,194.0,ERCO,731.0
2025-04-25,Houston,311.0,194.0,ERCO,1261867.0
2025-04-25,Houston,311.0,194.0,ERCO,1256501.0
2025-04-25,Houston,311.0,194.0,ERCO,1253204.0
2025-04-25,Houston,311.0,194.0,ERCO,1259524.0
2025-04-25,Houston,311.0,194.0,ERCO,1261867.0
2025-04-25,Houston,311.0,194.0,ERCO,1284660.0
2025-04-25,Houston,311.0,194.0,ERCO,1280445.0
2025-04-25,Houston,311.0,194.0,ERCO,1279690.0
2025-04-25,Houston,311.0,194.0,ERCO,1282613.0
2025-04-25,Houston,311.0,194.0,ERCO,1284660.0
2025-04-25,Houston,311.0,194.0,ERCO,1260485.0
2025-04-25,Houston,311.0,194.0,ERCO,1255169.0
2025-04-25,Houston,311.0,194.0,ERCO,1251871.0
2025-04-25,Houston,311.0,194.0,ERCO,1258125.0
2025-04-25,Houston,311.0,194.0,ERCO,1260485.0
2025-04-25,Houston,311.0,194.0,ERCO,-1375.0
2025-04-25,Houston,311.0,194.0,ERCO,-1326.0
2025-04-25,Houston,311.0,194.0,ERCO,-1326.0
2025-04-25,Houston,311.0,194.0,ERCO,-1393.0
2025-04-25,Houston,311.0,194.0,ERCO,-1375.0
2025-04-26,Houston,306.0,200.0,ERCO,1242070.0
2025-04-26,Houston,306.0,200.0,ERCO,1242288.0
2025-04-26,Houston,306.0,200.0,ERCO,1242701.0
2025-04-26,Houston,306.0,200.0,ERCO,1242322.0
2025-04-26,Houston,306.0,200.0,ERCO,1242070.0
2025-04-26,Houston,306.0,200.0,ERCO,1252465.0
2025-04-26,Houston,306.0,200.0,ERCO,1253625.0
2025-04-26,Houston,306.0,200.0,ERCO,1254663.0
2025-04-26,Houston,306.0,200.0,ERCO,1252992.0
2025-04-26,Houston,306.0,200.0,ERCO,1252465.0
2025-04-26,Houston,306.0,200.0,ERCO,1240417.0
2025-04-26,Houston,306.0,200.0,ERCO,1240453.0
2025-04-26,Houston,306.0,200.0,ERCO,1240843.0
2025-04-26,Houston,306.0,200.0,ERCO,1240586.0
2025-04-26,Houston,306.0,200.0,ERCO,1240417.0
2025-04-26,Houston,306.0,200.0,ERCO,-1650.0
2025-04-26,Houston,306.0,200.0,ERCO,-1834.0
2025-04-26,Houston,306.0,200.0,ERCO,-1857.0
2025-04-26,Houston,306.0,200.0,ERCO,-1734.0
2025-04-26,Houston,306.0,200.0,ERCO,-1650.0
2025-04-27,Houston,311.0,211.0,ERCO,1274196.0
2025-04-27,Houston,311.0,211.0,ERCO,1270821.0
2025-04-27,Houston,311.0,211.0,ERCO,1268886.0
2025-04-27,Houston,311.0,211.0,ERCO,1272272.0
2025-04-27,Houston,311.0,211.0,ERCO,1274196.0
2025-04-27,Houston,311.0,211.0,ERCO,1253216.0
2025-04-27,Houston,311.0,211.0,ERCO,1250413.0
2025-04-27,Houston,311.0,211.0,ERCO,1249852.0
2025-04-27,Houston,311.0,211.0,ERCO,1251860.0
2025-04-27,Houston,311.0,211.0,ERCO,1253216.0
2025-04-27,Houston,311.0,211.0,ERCO,1272403.0
2025-04-27,Houston,311.0,211.0,ERCO,1269354.0
2025-04-27,Houston,311.0,211.0,ERCO,1267380.0
2025-04-27,Houston,311.0,211.0,ERCO,1270651.0
2025-04-27,Houston,311.0,211.0,ERCO,1272403.0
2025-04-27,Houston,311.0,211.0,ERCO,-1783.0
2025-04-27,Houston,311.0,211.0,ERCO,-1456.0
2025-04-27,Houston,311.0,211.0,ERCO,-1496.0
2025-04-27,Houston,311.0,211.0,ERCO,-1610.0
2025-04-27,Houston,311.0,211.0,ERCO,-1783.0
2025-04-28,Houston,300.0,217.0,ERCO,1323896.0
2025-04-28,Houston,300.0,217.0,ERCO,1323819.0
2025-04-28,Houston,300.0,217.0,ERCO,1323569.0
2025-04-28,Houston,300.0,217.0,ERCO,1323962.0
2025-04-28,Houston,300.0,217.0,ERCO,1323896.0
2025-04-28,Houston,300.0,217.0,ERCO,1333928.0
2025-04-28,Houston,300.0,217.0,ERCO,1335380.0
2025-04-28,Houston,300.0,217.0,ERCO,1333840.0
2025-04-28,Houston,300.0,217.0,ERCO,1334691.0
2025-04-28,Houston,300.0,217.0,ERCO,1333928.0
2025-04-28,Houston,300.0,217.0,ERCO,1319804.0
2025-04-28,Houston,300.0,217.0,ERCO,1319742.0
2025-04-28,Houston,300.0,217.0,ERCO,1319555.0
2025-04-28,Houston,300.0,217.0,ERCO,1319881.0
2025-04-28,Houston,300.0,217.0,ERCO,1319804.0
2025-04-28,Houston,300.0,217.0,ERCO,-4082.0
2025-04-28,Houston,300.0,217.0,ERCO,-4066.0
2025-04-28,Houston,300.0,217.0,ERCO,-4002.0
2025-04-28,Houston,300.0,217.0,ERCO,-4071.0
2025-04-28,Houston,300.0,217.0,ERCO,-4082.0
2025-04-29,Houston,289.0,,ERCO,1307918.0
2025-04-29,Houston,289.0,,ERCO,1309069.0
2025-04-29,Houston,289.0,,ERCO,1309879.0
2025-04-29,Houston,289.0,,ERCO,1308355.0
2025-04-29,Houston,289.0,,ERCO,1307918.0
2025-04-29,Houston,289.0,,ERCO,1322344.0
2025-04-29,Houston,289.0,,ERCO,1322063.0
2025-04-29,Houston,289.0,,ERCO,1322071.0
2025-04-29,Houston,289.0,,ERCO,1322222.0
2025-04-29,Houston,289.0,,ERCO,1322344.0
2025-04-29,Houston,289.0,,ERCO,1307140.0
2025-04-29,Houston,289.0,,ERCO,1308119.0
2025-04-29,Houston,289.0,,ERCO,1308894.0
2025-04-29,Houston,289.0,,ERCO,1307453.0
2025-04-29,Houston,289.0,,ERCO,1307140.0
2025-04-29,Houston,289.0,,ERCO,-778.0
2025-04-29,Houston,289.0,,ERCO,-948.0
2025-04-29,Houston,289.0,,ERCO,-982.0
2025-04-29,Houston,289.0,,ERCO,-900.0
2025-04-29,Houston,289.0,,ERCO,-778.0
2025-04-17,Phoenix,278.0,178.0,AZPS,80434.0
2025-04-17,Phoenix,278.0,178.0,AZPS,80775.0
2025-04-17,Phoenix,278.0,178.0,AZPS,81072.0
2025-04-17,Phoenix,278.0,178.0,AZPS,80556.0
2025-04-17,Phoenix,278.0,178.0,AZPS,80434.0
2025-04-17,Phoenix,278.0,178.0,AZPS,78498.0
2025-04-17,Phoenix,278.0,178.0,AZPS,79228.0
2025-04-17,Phoenix,278.0,178.0,AZPS,79705.0
2025-04-17,Phoenix,278.0,178.0,AZPS,78831.0
2025-04-17,Phoenix,278.0,178.0,AZPS,78498.0
2025-04-17,Phoenix,278.0,178.0,AZPS,53298.0
2025-04-17,Phoenix,278.0,178.0,AZPS,53782.0
2025-04-17,Phoenix,278.0,178.0,AZPS,54040.0
2025-04-17,Phoenix,278.0,178.0,AZPS,53454.0
2025-04-17,Phoenix,278.0,178.0,AZPS,53298.0
2025-04-17,Phoenix,278.0,178.0,AZPS,-27136.0
2025-04-17,Phoenix,278.0,178.0,AZPS,-26993.0
2025-04-17,Phoenix,278.0,178.0,AZPS,-27032.0
2025-04-17,Phoenix,278.0,178.0,AZPS,-27102.0
2025-04-17,Phoenix,278.0,178.0,AZPS,-27136.0
2025-04-18,Phoenix,261.0,117.0,AZPS,82099.0
2025-04-18,Phoenix,261.0,117.0,AZPS,82046.0
2025-04-18,Phoenix,261.0,117.0,AZPS,82027.0
2025-04-18,Phoenix,261.0,117.0,AZPS,82110.0
2025-04-18,Phoenix,261.0,117.0,AZPS,82099.0
2025-04-18,Phoenix,261.0,117.0,AZPS,74866.0
2025-04-18,Phoenix,261.0,117.0,AZPS,74797.0
2025-04-18,Phoenix,261.0,117.0,AZPS,74921.0
2025-04-18,Phoenix,261.0,117.0,AZPS,74771.0
2025-04-18,Phoenix,261.0,117.0,AZPS,74866.0
2025-04-18,Phoenix,261.0,117.0,AZPS,46744.0
2025-04-18,Phoenix,261.0,117.0,AZPS,47427.0
2025-04-18,Phoenix,261.0,117.0,AZPS,47814.0
2025-04-18,Phoenix,261.0,117.0,AZPS,47166.0
2025-04-18,Phoenix,261.0,117.0,AZPS,46744.0
2025-04-18,Phoenix,261.0,117.0,AZPS,-35355.0
2025-04-18,Phoenix,261.0,117.0,AZPS,-34619.0
2025-04-18,Phoenix,261.0,117.0,AZPS,-34213.0
2025-04-18,Phoenix,261.0,117.0,AZPS,-34944.0
2025-04-18,Phoenix,261.0,117.0,AZPS,-35355.0
2025-04-19,Phoenix,239.0,122.0,AZPS,75082.0
2025-04-19,Phoenix,239.0,122.0,AZPS,75621.0
2025-04-19,Phoenix,239.0,122.0,AZPS,76009.0
2025-04-19,Phoenix,239.0,122.0,AZPS,75234.0
2025-04-19,Phoenix,239.0,122.0,AZPS,75082.0
2025-04-19,Phoenix,239.0,122.0,AZPS,71016.0
2025-04-19,Phoenix,239.0,122.0,AZPS,71164.0
2025-04-19,Phoenix,239.0,122.0,AZPS,71204.0
2025-04-19,Phoenix,239.0,122.0,AZPS,71062.0
2025-04-19,Phoenix,239.0,122.0,AZPS,71016.0
2025-04-19,Phoenix,239.0,122.0,AZPS,38722.0
2025-04-19,Phoenix,239.0,122.0,AZPS,39135.0
2025-04-19,Phoenix,239.0,122.0,AZPS,39436.0
2025-04-19,Phoenix,239.0,122.0,AZPS,38746.0
2025-04-19,Phoenix,239.0,122.0,AZPS,38722.0
2025-04-19,Phoenix,239.0,122.0,AZPS,-36360.0
2025-04-19,Phoenix,239.0,122.0,AZPS,-36486.0
2025-04-19,Phoenix,239.0,122.0,AZPS,-36573.0
2025-04-19,Phoenix,239.0,122.0,AZPS,-36488.0
2025-04-19,Phoenix,239.0,122.0,AZPS,-36360.0
2025-04-20,Phoenix,289.0,144.0,AZPS,77575.0
2025-04-20,Phoenix,289.0,144.0,AZPS,77454.0
2025-04-20,Phoenix,289.0,144.0,AZPS,77334.0
2025-04-20,Phoenix,289.0,144.0,AZPS,77603.0
2025-04-20,Phoenix,289.0,144.0,AZPS,77575.0
2025-04-20,Phoenix,289.0,144.0,AZPS,69965.0
2025-04-20,Phoenix,289.0,144.0,AZPS,70439.0
2025-04-20,Phoenix,289.0,144.0,AZPS,70414.0
2025-04-20,Phoenix,289.0,144.0,AZPS,70347.0
2025-04-20,Phoenix,289.0,144.0,AZPS,69965.0
2025-04-20,Phoenix,289.0,144.0,AZPS,40400.0
2025-04-20,Phoenix,289.0,144.0,AZPS,40310.0
2025-04-20,Phoenix,289.0,144.0,AZPS,40213.0
2025-04-20,Phoenix,289.0,144.0,AZPS,40344.0
2025-04-20,Phoenix,289.0,144.0,AZPS,40400.0
2025-04-20,Phoenix,289.0,144.0,AZPS,-37175.0
2025-04-20,Phoenix,289.0,144.0,AZPS,-37144.0
2025-04-20,Phoenix,289.0,144.0,AZPS,-37121.0
2025-04-20,Phoenix,289.0,144.0,AZPS,-37259.0
2025-04-20,Phoenix,289.0,144.0,AZPS,-37175.0
2025-04-21,Phoenix,328.0,172.0,AZPS,83202.0
2025-04-21,Phoenix,328.0,172.0,AZPS,83372.0
2025-04-21,Phoenix,328.0,172.0,AZPS,83187.0
2025-04-21,Phoenix,328.0,172.0,AZPS,83383.0
2025-04-21,Phoenix,328.0,172.0,AZPS,83202.0
2025-04-21,Phoenix,328.0,172.0,AZPS,78344.0
2025-04-21,Phoenix,328.0,172.0,AZPS,77777.0
2025-04-21,Phoenix,328.0,172.0,AZPS,77460.0
2025-04-21,Phoenix,328.0,172.0,AZPS,78029.0
2025-04-21,Phoenix,328.0,172.0,AZPS,78344.0
2025-04-21,Phoenix,328.0,172.0,AZPS,42926.0
2025-04-21,Phoenix,328.0,172.0,AZPS,42059.0
2025-04-21,Phoenix,328.0,172.0,AZPS,41574.0
2025-04-21,Phoenix,328.0,172.0,AZPS,42629.0
2025-04-21,Phoenix,328.0,172.0,AZPS,42926.0
2025-04-21,Phoenix,328.0,172.0,AZPS,-40276.0
2025-04-21,Phoenix,328.0,172.0,AZPS,-41313.0
2025-04-21,Phoenix,328.0,172.0,AZPS,-41613.0
2025-04-21,Phoenix,328.0,172.0,AZPS,-40754.0
2025-04-21,Phoenix,328.0,172.0,AZPS,-40276.0
2025-04-22,Phoenix,350.0,178.0,AZPS,82373.0
2025-04-22,Phoenix,350.0,178.0,AZPS,82146.0
2025-04-22,Phoenix,350.0,178.0,AZPS,82119.0
2025-04-22,Phoenix,350.0,178.0,AZPS,82231.0
2025-04-22,Phoenix,350.0,178.0,AZPS,82373.0
2025-04-22,Phoenix,350.0,178.0,AZPS,82646.0
2025-04-22,Phoenix,350.0,178.0,AZPS,82418.0
2025-04-22,Phoenix,350.0,178.0,AZPS,82416.0
2025-04-22,Phoenix,350.0,178.0,AZPS,82499.0
2025-04-22,Phoenix,350.0,178.0,AZPS,82646.0
2025-04-22,Phoenix,350.0,178.0,AZPS,49870.0
2025-04-22,Phoenix,350.0,178.0,AZPS,49577.0
2025-04-22,Phoenix,350.0,178.0,AZPS,49748.0
2025-04-22,Phoenix,350.0,178.0,AZPS,49728.0
2025-04-22,Phoenix,350.0,178.0,AZPS,49870.0
2025-04-22,Phoenix,350.0,178.0,AZPS,-32503.0
2025-04-22,Phoenix,350.0,178.0,AZPS,-32569.0
2025-04-22,Phoenix,350.0,178.0,AZPS,-32371.0
2025-04-22,Phoenix,350.0,178.0,AZPS,-32503.0
2025-04-22,Phoenix,350.0,178.0,AZPS,-32503.0
2025-04-23,Phoenix,328.0,189.0,AZPS,82526.0
2025-04-23,Phoenix,328.0,189.0,AZPS,82292.0
2025-04-23,Phoenix,328.0,189.0,AZPS,82078.0
2025-04-23,Phoenix,328.0,189.0,AZPS,82443.0
2025-04-23,Phoenix,328.0,189.0,AZPS,82526.0
2025-04-23,Phoenix,328.0,189.0,AZPS,85070.0
2025-04-23,Phoenix,328.0,189.0,AZPS,84927.0
2025-04-23,Phoenix,328.0,189.0,AZPS,84762.0
2025-04-23,Phoenix,328.0,189.0,AZPS,85053.0
2025-04-23,Phoenix,328.0,189.0,AZPS,85070.0
2025-04-23,Phoenix,328.0,189.0,AZPS,47996.0
2025-04-23,Phoenix,328.0,189.0,AZPS,48027.0
2025-04-23,Phoenix,328.0,189.0,AZPS,47826.0
2025-04-23,Phoenix,328.0,189.0,AZPS,48194.0
2025-04-23,Phoenix,328.0,189.0,AZPS,47996.0
2025-04-23,Phoenix,328.0,189.0,AZPS,-34530.0
2025-04-23,Phoenix,328.0,189.0,AZPS,-34265.0
2025-04-23,Phoenix,328.0,189.0,AZPS,-34252.0
2025-04-23,Phoenix,328.0,189.0,AZPS,-34249.0
2025-04-23,Phoenix,328.0,189.0,AZPS,-34530.0
2025-04-24,Phoenix,333.0,183.0,AZPS,82493.0
2025-04-24,Phoenix,333.0,183.0,AZPS,82701.0
2025-04-24,Phoenix,333.0,183.0,AZPS,82848.0
2025-04-24,Phoenix,333.0,183.0,AZPS,82565.0
2025-04-24,Phoenix,333.0,183.0,AZPS,82493.0
2025-04-24,Phoenix,333.0,183.0,AZPS,83358.0
2025-04-24,Phoenix,333.0,183.0,AZPS,83363.0
2025-04-24,Phoenix,333.0,183.0,AZPS,83391.0
2025-04-24,Phoenix,333.0,183.0,AZPS,83342.0
2025-04-24,Phoenix,333.0,183.0,AZPS,83358.0
2025-04-24,Phoenix,333.0,183.0,AZPS,50554.0
2025-04-24,Phoenix,333.0,183.0,AZPS,50134.0
2025-04-24,Phoenix,333.0,183.0,AZPS,50073.0
2025-04-24,Phoenix,333.0,183.0,AZPS,50313.0
2025-04-24,Phoenix,333.0,183.0,AZPS,50554.0
2025-04-24,Phoenix,333.0,183.0,AZPS,-31939.0
2025-04-24,Phoenix,333.0,183.0,AZPS,-32567.0
2025-04-24,Phoenix,333.0,183.0,AZPS,-32775.0
2025-04-24,Phoenix,333.0,183.0,AZPS,-32252.0
2025-04-24,Phoenix,333.0,183.0,AZPS,-31939.0
2025-04-25,Phoenix,344.0,189.0,AZPS,81015.0
2025-04-25,Phoenix,344.0,189.0,AZPS,81063.0
2025-04-25,Phoenix,344.0,189.0,AZPS,81084.0
2025-04-25,Phoenix,344.0,189.0,AZPS,81046.0
2025-04-25,Phoenix,344.0,189.0,AZPS,81015.0
2025-04-25,Phoenix,344.0,189.0,AZPS,83796.0
2025-04-25,Phoenix,344.0,189.0,AZPS,83894.0
2025-04-25,Phoenix,344.0,189.0,AZPS,83938.0
2025-04-25,Phoenix,344.0,189.0,AZPS,83927.0
2025-04-25,Phoenix,344.0,189.0,AZPS,83796.0
2025-04-25,Phoenix,344.0,189.0,AZPS,53346.0
2025-04-25,Phoenix,344.0,189.0,AZPS,53416.0
2025-04-25,Phoenix,344.0,189.0,AZPS,53425.0
2025-04-25,Phoenix,344.0,189.0,AZPS,53203.0
2025-04-25,Phoenix,344.0,189.0,AZPS,53346.0
2025-04-25,Phoenix,344.0,189.0,AZPS,-27669.0
2025-04-25,Phoenix,344.0,189.0,AZPS,-27647.0
2025-04-25,Phoenix,344.0,189.0,AZPS,-27659.0
2025-04-25,Phoenix,344.0,189.0,AZPS,-27843.0
2025-04-25,Phoenix,344.0,189.0,AZPS,-27669.0
2025-04-26,Phoenix,300.0,183.0,AZPS,72838.0
2025-04-26,Phoenix,300.0,183.0,AZPS,73567.0
2025-04-26,Phoenix,300.0,183.0,AZPS,74058.0
2025-04-26,Phoenix,300.0,183.0,AZPS,73162.0
2025-04-26,Phoenix,300.0,183.0,AZPS,72838.0
2025-04-26,Phoenix,300.0,183.0,AZPS,76979.0
2025-04-26,Phoenix,300.0,183.0,AZPS,76720.0
2025-04-26,Phoenix,300.0,183.0,AZPS,76741.0
2025-04-26,Phoenix,300.0,183.0,AZPS,76773.0
2025-04-26,Phoenix,300.0,183.0,AZPS,76979.0
2025-04-26,Phoenix,300.0,183.0,AZPS,57966.0
2025-04-26,Phoenix,300.0,183.0,AZPS,57601.0
2025-04-26,Phoenix,300.0,183.0,AZPS,57282.0
2025-04-26,Phoenix,300.0,183.0,AZPS,57830.0
2025-04-26,Phoenix,300.0,183.0,AZPS,57966.0
2025-04-26,Phoenix,300.0,183.0,AZPS,-14872.0
2025-04-26,Phoenix,300.0,183.0,AZPS,-15966.0
2025-04-26,Phoenix,300.0,183.0,AZPS,-16776.0
2025-04-26,Phoenix,300.0,183.0,AZPS,-15332.0
2025-04-26,Phoenix,300.0,183.0,AZPS,-14872.0
2025-04-27,Phoenix,267.0,167.0,AZPS,67633.0
2025-04-27,Phoenix,267.0,167.0,AZPS,67480.0
2025-04-27,Phoenix,267.0,167.0,AZPS,67435.0
2025-04-27,Phoenix,267.0,167.0,AZPS,67559.0
2025-04-27,Phoenix,267.0,167.0,AZPS,67633.0
2025-04-27,Phoenix,267.0,167.0,AZPS,71372.0
2025-04-27,Phoenix,267.0,167.0,AZPS,71952.0
2025-04-27,Phoenix,267.0,167.0,AZPS,72105.0
2025-04-27,Phoenix,267.0,167.0,AZPS,71678.0
2025-04-27,Phoenix,267.0,167.0,AZPS,71372.0
2025-04-27,Phoenix,267.0,167.0,AZPS,56999.0
2025-04-27,Phoenix,267.0,167.0,AZPS,57470.0
2025-04-27,Phoenix,267.0,167.0,AZPS,57680.0
2025-04-27,Phoenix,267.0,167.0,AZPS,57202.0
2025-04-27,Phoenix,267.0,167.0,AZPS,56999.0
2025-04-27,Phoenix,267.0,167.0,AZPS,-10634.0
2025-04-27,Phoenix,267.0,167.0,AZPS,-10010.0
2025-04-27,Phoenix,267.0,167.0,AZPS,-9755.0
2025-04-27,Phoenix,267.0,167.0,AZPS,-10357.0
2025-04-27,Phoenix,267.0,167.0,AZPS,-10634.0
2025-04-28,Phoenix,278.0,150.0,AZPS,75494.0
2025-04-28,Phoenix,278.0,150.0,AZPS,75340.0
2025-04-28,Phoenix,278.0,150.0,AZPS,75163.0
2025-04-28,Phoenix,278.0,150.0,AZPS,75436.0
2025-04-28,Phoenix,278.0,150.0,AZPS,75494.0
2025-04-28,Phoenix,278.0,150.0,AZPS,75073.0
2025-04-28,Phoenix,278.0,150.0,AZPS,74949.0
2025-04-28,Phoenix,278.0,150.0,AZPS,74959.0
2025-04-28,Phoenix,278.0,150.0,AZPS,74974.0
2025-04-28,Phoenix,278.0,150.0,AZPS,75073.0
2025-04-28,Phoenix,278.0,150.0,AZPS,55699.0
2025-04-28,Phoenix,278.0,150.0,AZPS,55030.0
2025-04-28,Phoenix,278.0,150.0,AZPS,54981.0
2025-04-28,Phoenix,278.0,150.0,AZPS,55440.0
2025-04-28,Phoenix,278.0,150.0,AZPS,55699.0
2025-04-28,Phoenix,278.0,150.0,AZPS,-19795.0
2025-04-28,Phoenix,278.0,150.0,AZPS,-20310.0
2025-04-28,Phoenix,278.0,150.0,AZPS,-20182.0
2025-04-28,Phoenix,278.0,150.0,AZPS,-19996.0
2025-04-28,Phoenix,278.0,150.0,AZPS,-19795.0
2025-04-29,Phoenix,311.0,,AZPS,79864.0
2025-04-29,Phoenix,311.0,,AZPS,79502.0
2025-04-29,Phoenix,311.0,,AZPS,79294.0
2025-04-29,Phoenix,311.0,,AZPS,79717.0
2025-04-29,Phoenix,311.0,,AZPS,79864.0
2025-04-29,Phoenix,311.0,,AZPS,79845.0
2025-04-29,Phoenix,311.0,,AZPS,79609.0
2025-04-29,Phoenix,311.0,,AZPS,79424.0
2025-04-29,Phoenix,311.0,,AZPS,79755.0
2025-04-29,Phoenix,311.0,,AZPS,79845.0
2025-04-29,Phoenix,311.0,,AZPS,59730.0
2025-04-29,Phoenix,311.0,,AZPS,59494.0
2025-04-29,Phoenix,311.0,,AZPS,59363.0
2025-04-29,Phoenix,311.0,,AZPS,59556.0
2025-04-29,Phoenix,311.0,,AZPS,59730.0
2025-04-29,Phoenix,311.0,,AZPS,-20134.0
2025-04-29,Phoenix,311.0,,AZPS,-20008.0
2025-04-29,Phoenix,311.0,,AZPS,-19931.0
2025-04-29,Phoenix,311.0,,AZPS,-20161.0
2025-04-29,Phoenix,311.0,,AZPS,-20134.0
2025-04-17,Seattle,183.0,61.0,SCL,23060.0
2025-04-17,Seattle,183.0,61.0,SCL,23079.0
2025-04-17,Seattle,183.0,61.0,SCL,23091.0
2025-04-17,Seattle,183.0,61.0,SCL,23065.0
2025-04-17,Seattle,183.0,61.0,SCL,23060.0
2025-04-17,Seattle,183.0,61.0,SCL,23606.0
2025-04-17,Seattle,183.0,61.0,SCL,23609.0
2025-04-17,Seattle,183.0,61.0,SCL,23619.0
2025-04-17,Seattle,183.0,61.0,SCL,23602.0
2025-04-17,Seattle,183.0,61.0,SCL,23606.0
2025-04-17,Seattle,183.0,61.0,SCL,19735.0
2025-04-17,Seattle,183.0,61.0,SCL,19668.0
2025-04-17,Seattle,183.0,61.0,SCL,19585.0
2025-04-17,Seattle,183.0,61.0,SCL,19746.0
2025-04-17,Seattle,183.0,61.0,SCL,19735.0
2025-04-17,Seattle,183.0,61.0,SCL,-3325.0
2025-04-17,Seattle,183.0,61.0,SCL,-3411.0
2025-04-17,Seattle,183.0,61.0,SCL,-3506.0
2025-04-17,Seattle,183.0,61.0,SCL,-3319.0
2025-04-17,Seattle,183.0,61.0,SCL,-3325.0
2025-04-18,Seattle,217.0,61.0,SCL,23362.0
2025-04-18,Seattle,217.0,61.0,SCL,23307.0
2025-04-18,Seattle,217.0,61.0,SCL,23316.0
2025-04-18,Seattle,217.0,61.0,SCL,23338.0
2025-04-18,Seattle,217.0,61.0,SCL,23362.0
2025-04-18,Seattle,217.0,61.0,SCL,23177.0
2025-04-18,Seattle,217.0,61.0,SCL,23206.0
2025-04-18,Seattle,217.0,61.0,SCL,23246.0
2025-04-18,Seattle,217.0,61.0,SCL,23188.0
2025-04-18,Seattle,217.0,61.0,SCL,23177.0
2025-04-18,Seattle,217.0,61.0,SCL,19083.0
2025-04-18,Seattle,217.0,61.0,SCL,19199.0
2025-04-18,Seattle,217.0,61.0,SCL,19328.0
2025-04-18,Seattle,217.0,61.0,SCL,19119.0
2025-04-18,Seattle,217.0,61.0,SCL,19083.0
2025-04-18,Seattle,217.0,61.0,SCL,-4279.0
2025-04-18,Seattle,217.0,61.0,SCL,-4108.0
2025-04-18,Seattle,217.0,61.0,SCL,-3988.0
2025-04-18,Seattle,217.0,61.0,SCL,-4219.0
2025-04-18,Seattle,217.0,61.0,SCL,-4279.0
2025-04-19,Seattle,150.0,83.0,SCL,22180.0
2025-04-19,Seattle,150.0,83.0,SCL,22168.0
2025-04-19,Seattle,150.0,83.0,SCL,22151.0
2025-04-19,Seattle,150.0,83.0,SCL,22179.0
2025-04-19,Seattle,150.0,83.0,SCL,22180.0
2025-04-19,Seattle,150.0,83.0,SCL,21421.0
2025-04-19,Seattle,150.0,83.0,SCL,21409.0
2025-04-19,Seattle,150.0,83.0,SCL,21410.0
2025-04-19,Seattle,150.0,83.0,SCL,21415.0
2025-04-19,Seattle,150.0,83.0,SCL,21421.0
2025-04-19,Seattle,150.0,83.0,SCL,15372.0
2025-04-19,Seattle,150.0,83.0,SCL,15447.0
2025-04-19,Seattle,150.0,83.0,SCL,15483.0
2025-04-19,Seattle,150.0,83.0,SCL,15411.0
2025-04-19,Seattle,150.0,83.0,SCL,15372.0
2025-04-19,Seattle,150.0,83.0,SCL,-6808.0
2025-04-19,Seattle,150.0,83.0,SCL,-6721.0
2025-04-19,Seattle,150.0,83.0,SCL,-6668.0
2025-04-19,Seattle,150.0,83.0,SCL,-6768.0
2025-04-19,Seattle,150.0,83.0,SCL,-6808.0
2025-04-20,Seattle,144.0,72.0,SCL,22896.0
2025-04-20,Seattle,144.0,72.0,SCL,22875.0
2025-04-20,Seattle,144.0,72.0,SCL,22852.0
2025-04-20,Seattle,144.0,72.0,SCL,22880.0
2025-04-20,Seattle,144.0,72.0,SCL,22896.0
2025-04-20,Seattle,144.0,72.0,SCL,22595.0
2025-04-20,Seattle,144.0,72.0,SCL,22538.0
2025-04-20,Seattle,144.0,72.0,SCL,22461.0
2025-04-20,Seattle,144.0,72.0,SCL,22578.0
2025-04-20,Seattle,144.0,72.0,SCL,22595.0
2025-04-20,Seattle,144.0,72.0,SCL,15340.0
2025-04-20,Seattle,144.0,72.0,SCL,15342.0
2025-04-20,Seattle,144.0,72.0,SCL,15310.0
2025-04-20,Seattle,144.0,72.0,SCL,15357.0
2025-04-20,Seattle,144.0,72.0,SCL,15340.0
2025-04-20,Seattle,144.0,72.0,SCL,-7556.0
2025-04-20,Seattle,144.0,72.0,SCL,-7533.0
2025-04-20,Seattle,144.0,72.0,SCL,-7542.0
2025-04-20,Seattle,144.0,72.0,SCL,-7523.0
2025-04-20,Seattle,144.0,72.0,SCL,-7556.0
2025-04-21,Seattle,139.0,61.0,SCL,25441.0
2025-04-21,Seattle,139.0,61.0,SCL,25349.0
2025-04-21,Seattle,139.0,61.0,SCL,25282.0
2025-04-21,Seattle,139.0,61.0,SCL,25405.0
2025-04-21,Seattle,139.0,61.0,SCL,25441.0
2025-04-21,Seattle,139.0,61.0,SCL,25275.0
2025-04-21,Seattle,139.0,61.0,SCL,25199.0
2025-04-21,Seattle,139.0,61.0,SCL,25158.0
2025-04-21,Seattle,139.0,61.0,SCL,25235.0
2025-04-21,Seattle,139.0,61.0,SCL,25275.0
2025-04-21,Seattle,139.0,61.0,SCL,15729.0
2025-04-21,Seattle,139.0,61.0,SCL,15803.0
2025-04-21,Seattle,139.0,61.0,SCL,15862.0
2025-04-21,Seattle,139.0,61.0,SCL,15713.0
2025-04-21,Seattle,139.0,61.0,SCL,15729.0
2025-04-21,Seattle,139.0,61.0,SCL,-9712.0
2025-04-21,Seattle,139.0,61.0,SCL,-9546.0
2025-04-21,Seattle,139.0,61.0,SCL,-9420.0
2025-04-21,Seattle,139.0,61.0,SCL,-9692.0
2025-04-21,Seattle,139.0,61.0,SCL,-9712.0
2025-04-22,Seattle,156.0,44.0,SCL,24942.0
2025-04-22,Seattle,156.0,44.0,SCL,24947.0
2025-04-22,Seattle,156.0,44.0,SCL,24964.0
2025-04-22,Seattle,156.0,44.0,SCL,24937.0
2025-04-22,Seattle,156.0,44.0,SCL,24942.0
2025-04-22,Seattle,156.0,44.0,SCL,24393.0
2025-04-22,Seattle,156.0,44.0,SCL,24437.0
2025-04-22,Seattle,156.0,44.0,SCL,24468.0
2025-04-22,Seattle,156.0,44.0,SCL,24413.0
2025-04-22,Seattle,156.0,44.0,SCL,24393.0
2025-04-22,Seattle,156.0,44.0,SCL,14922.0
2025-04-22,Seattle,156.0,44.0,SCL,15017.0
2025-04-22,Seattle,156.0,44.0,SCL,15001.0
2025-04-22,Seattle,156.0,44.0,SCL,15005.0
2025-04-22,Seattle,156.0,44.0,SCL,14922.0
2025-04-22,Seattle,156.0,44.0,SCL,-10020.0
2025-04-22,Seattle,156.0,44.0,SCL,-9930.0
2025-04-22,Seattle,156.0,44.0,SCL,-9963.0
2025-04-22,Seattle,156.0,44.0,SCL,-9932.0
2025-04-22,Seattle,156.0,44.0,SCL,-10020.0
2025-04-23,Seattle,189.0,61.0,SCL,23675.0
2025-04-23,Seattle,189.0,61.0,SCL,23831.0
2025-04-23,Seattle,189.0,61.0,SCL,23904.0
2025-04-23,Seattle,189.0,61.0,SCL,23756.0
2025-04-23,Seattle,189.0,61.0,SCL,23675.0
2025-04-23,Seattle,189.0,61.0,SCL,24083.0
2025-04-23,Seattle,189.0,61.0,SCL,24131.0
2025-04-23,Seattle,189.0,61.0,SCL,24154.0
2025-04-23,Seattle,189.0,61.0,SCL,24110.0
2025-04-23,Seattle,189.0,61.0,SCL,24083.0
2025-04-23,Seattle,189.0,61.0,SCL,14160.0
2025-04-23,Seattle,189.0,61.0,SCL,14321.0
2025-04-23,Seattle,189.0,61.0,SCL,14532.0
2025-04-23,Seattle,189.0,61.0,SCL,14229.0
2025-04-23,Seattle,189.0,61.0,SCL,14160.0
2025-04-23,Seattle,189.0,61.0,SCL,-9515.0
2025-04-23,Seattle,189.0,61.0,SCL,-9510.0
2025-04-23,Seattle,189.0,61.0,SCL,-9372.0
2025-04-23,Seattle,189.0,61.0,SCL,-9527.0
2025-04-23,Seattle,189.0,61.0,SCL,-9515.0
2025-04-24,Seattle,222.0,61.0,SCL,22964.0
2025-04-24,Seattle,222.0,61.0,SCL,23007.0
2025-04-24,Seattle,222.0,61.0,SCL,23026.0
2025-04-24,Seattle,222.0,61.0,SCL,22986.0
2025-04-24,Seattle,222.0,61.0,SCL,22964.0
2025-04-24,Seattle,222.0,61.0,SCL,23278.0
2025-04-24,Seattle,222.0,61.0,SCL,23345.0
2025-04-24,Seattle,222.0,61.0,SCL,23379.0
2025-04-24,Seattle,222.0,61.0,SCL,23311.0
2025-04-24,Seattle,222.0,61.0,SCL,23278.0
2025-04-24,Seattle,222.0,61.0,SCL,17165.0
2025-04-24,Seattle,222.0,61.0,SCL,16908.0
2025-04-24,Seattle,222.0,61.0,SCL,16766.0
2025-04-24,Seattle,222.0,61.0,SCL,17053.0
2025-04-24,Seattle,222.0,61.0,SCL,17165.0
2025-04-24,Seattle,222.0,61.0,SCL,-5799.0
2025-04-24,Seattle,222.0,61.0,SCL,-6099.0
2025-04-24,Seattle,222.0,61.0,SCL,-6260.0
2025-04-24,Seattle,222.0,61.0,SCL,-5933.0
2025-04-24,Seattle,222.0,61.0,SCL,-5799.0
2025-04-25,Seattle,217.0,83.0,SCL,22990.0
2025-04-25,Seattle,217.0,83.0,SCL,22930.0
2025-04-25,Seattle,217.0,83.0,SCL,22913.0
2025-04-25,Seattle,217.0,83.0,SCL,22964.0
2025-04-25,Seattle,217.0,83.0,SCL,22990.0
2025-04-25,Seattle,217.0,83.0,SCL,22944.0
2025-04-25,Seattle,217.0,83.0,SCL,22946.0
2025-04-25,Seattle,217.0,83.0,SCL,22967.0
2025-04-25,Seattle,217.0,83.0,SCL,22940.0
2025-04-25,Seattle,217.0,83.0,SCL,22944.0
2025-04-25,Seattle,217.0,83.0,SCL,16386.0
2025-04-25,Seattle,217.0,83.0,SCL,16448.0
2025-04-25,Seattle,217.0,83.0,SCL,16458.0
2025-04-25,Seattle,217.0,83.0,SCL,16426.0
2025-04-25,Seattle,217.0,83.0,SCL,16386.0
2025-04-25,Seattle,217.0,83.0,SCL,-6604.0
2025-04-25,Seattle,217.0,83.0,SCL,-6482.0
2025-04-25,Seattle,217.0,83.0,SCL,-6455.0
2025-04-25,Seattle,217.0,83.0,SCL,-6538.0
2025-04-25,Seattle,217.0,83.0,SCL,-6604.0
2025-04-26,Seattle,167.0,78.0,SCL,21789.0
2025-04-26,Seattle,167.0,78.0,SCL,21815.0
2025-04-26,Seattle,167.0,78.0,SCL,21850.0
2025-04-26,Seattle,167.0,78.0,SCL,21786.0
2025-04-26,Seattle,167.0,78.0,SCL,21789.0
2025-04-26,Seattle,167.0,78.0,SCL,21027.0
2025-04-26,Seattle,167.0,78.0,SCL,21061.0
2025-04-26,Seattle,167.0,78.0,SCL,21097.0
2025-04-26,Seattle,167.0,78.0,SCL,21037.0
2025-04-26,Seattle,167.0,78.0,SCL,21027.0
2025-04-26,Seattle,167.0,78.0,SCL,14248.0
2025-04-26,Seattle,167.0,78.0,SCL,14252.0
2025-04-26,Seattle,167.0,78.0,SCL,14281.0
2025-04-26,Seattle,167.0,78.0,SCL,14171.0
2025-04-26,Seattle,167.0,78.0,SCL,14248.0
2025-04-26,Seattle,167.0,78.0,SCL,-7541.0
2025-04-26,Seattle,167.0,78.0,SCL,-7563.0
2025-04-26,Seattle,167.0,78.0,SCL,-7569.0
2025-04-26,Seattle,167.0,78.0,SCL,-7615.0
2025-04-26,Seattle,167.0,78.0,SCL,-7541.0
2025-04-27,Seattle,144.0,67.0,SCL,22496.0
2025-04-27,Seattle,144.0,67.0,SCL,22406.0
2025-04-27,Seattle,144.0,67.0,SCL,22336.0
2025-04-27,Seattle,144.0,67.0,SCL,22460.0
2025-04-27,Seattle,144.0,67.0,SCL,22496.0
2025-04-27,Seattle,144.0,67.0,SCL,21878.0
2025-04-27,Seattle,144.0,67.0,SCL,21814.0
2025-04-27,Seattle,144.0,67.0,SCL,21749.0
2025-04-27,Seattle,144.0,67.0,SCL,21856.0
2025-04-27,Seattle,144.0,67.0,SCL,21878.0
2025-04-27,Seattle,144.0,67.0,SCL,11779.0
2025-04-27,Seattle,144.0,67.0,SCL,11714.0
2025-04-27,Seattle,144.0,67.0,SCL,11636.0
2025-04-27,Seattle,144.0,67.0,SCL,11806.0
2025-04-27,Seattle,144.0,67.0,SCL,11779.0
2025-04-27,Seattle,144.0,67.0,SCL,-10717.0
2025-04-27,Seattle,144.0,67.0,SCL,-10692.0
2025-04-27,Seattle,144.0,67.0,SCL,-10700.0
2025-04-27,Seattle,144.0,67.0,SCL,-10654.0
2025-04-27,Seattle,144.0,67.0,SCL,-10717.0
2025-04-28,Seattle,128.0,78.0,SCL,25051.0
2025-04-28,Seattle,128.0,78.0,SCL,24993.0
2025-04-28,Seattle,128.0,78.0,SCL,24944.0
2025-04-28,Seattle,128.0,78.0,SCL,25034.0
2025-04-28,Seattle,128.0,78.0,SCL,25051.0
2025-04-28,Seattle,128.0,78.0,SCL,24408.0
2025-04-28,Seattle,128.0,78.0,SCL,24320.0
2025-04-28,Seattle,128.0,78.0,SCL,24257.0
2025-04-28,Seattle,128.0,78.0,SCL,24371.0
2025-04-28,Seattle,128.0,78.0,SCL,24408.0
2025-04-28,Seattle,128.0,78.0,SCL,15159.0
2025-04-28,Seattle,128.0,78.0,SCL,15616.0
2025-04-28,Seattle,128.0,78.0,SCL,15787.0
2025-04-28,Seattle,128.0,78.0,SCL,15379.0
2025-04-28,Seattle,128.0,78.0,SCL,15159.0
2025-04-28,Seattle,128.0,78.0,SCL,-9892.0
2025-04-28,Seattle,128.0,78.0,SCL,-9377.0
2025-04-28,Seattle,128.0,78.0,SCL,-9157.0
2025-04-28,Seattle,128.0,78.0,SCL,-9655.0
2025-04-28,Seattle,128.0,78.0,SCL,-9892.0
2025-04-29,Seattle,150.0,,SCL,25228.0
2025-04-29,Seattle,150.0,,SCL,25214.0
2025-04-29,Seattle,150.0,,SCL,25205.0
2025-04-29,Seattle,150.0,,SCL,25209.0
2025-04-29,Seattle,150.0,,SCL,25228.0
2025-04-29,Seattle,150.0,,SCL,24090.0
2025-04-29,Seattle,150.0,,SCL,24090.0
2025-04-29,Seattle,150.0,,SCL,24097.0
2025-04-29,Seattle,150.0,,SCL,24090.0
2025-04-29,Seattle,150.0,,SCL,24090.0
2025-04-29,Seattle,150.0,,SCL,14775.0
2025-04-29,Seattle,150.0,,SCL,14659.0
2025-04-29,Seattle,150.0,,SCL,14650.0
2025-04-29,Seattle,150.0,,SCL,14746.0
2025-04-29,Seattle,150.0,,SCL,14775.0
2025-04-29,Seattle,150.0,,SCL,-10453.0
2025-04-29,Seattle,150.0,,SCL,-10555.0
2025-04-29,Seattle,150.0,,SCL,-10555.0
2025-04-29,Seattle,150.0,,SCL,-10463.0
2025-04-29,Seattle,150.0,,SCL,-10453.0
