date,city,reg_id,energy_consumption
2025-07-16,Houston,ERCO,1598031.0
2025-07-16,Houston,ERCO,1594860.0
2025-07-16,Houston,ERCO,1593078.0
2025-07-16,Houston,ERCO,1596636.0
2025-07-16,Houston,ERCO,1598031.0
2025-07-16,Houston,ERCO,1614027.0
2025-07-16,Houston,ERCO,1614979.0
2025-07-16,Houston,ERCO,1613091.0
2025-07-16,Houston,ERCO,1614594.0
2025-07-16,Houston,ERCO,1614027.0
2025-07-16,Houston,ERCO,1599844.0
2025-07-16,Houston,ERCO,1594493.0
2025-07-16,Houston,ERCO,1592711.0
2025-07-16,Houston,ERCO,1599844.0
2025-07-16,Houston,ERCO,1599844.0
2025-07-16,Houston,ERCO,-370.0
2025-07-16,Houston,ERCO,-371.0
2025-07-15,Houston,ERCO,1575662.0
2025-07-15,Houston,ERCO,1572957.0
2025-07-15,Houston,ERCO,1571182.0
2025-07-15,Houston,ERCO,1574428.0
2025-07-15,Houston,ERCO,1575662.0
2025-07-15,Houston,ERCO,1570337.0
2025-07-15,Houston,ERCO,1564890.0
2025-07-15,Houston,ERCO,1563944.0
2025-07-15,Houston,ERCO,1567835.0
2025-07-15,Houston,ERCO,1570337.0
2025-07-15,Houston,ERCO,1574218.0
2025-07-15,Houston,ERCO,1571423.0
2025-07-15,Houston,ERCO,1569648.0
2025-07-15,Houston,ERCO,1572860.0
2025-07-15,Houston,ERCO,1574218.0
2025-07-15,Houston,ERCO,-1441.0
2025-07-15,Houston,ERCO,-1530.0
2025-07-15,Houston,ERCO,-1529.0
2025-07-15,Houston,ERCO,-1564.0
2025-07-15,Houston,ERCO,-1441.0
2025-07-14,Houston,ERCO,1510140.0
2025-07-14,Houston,ERCO,1504071.0
2025-07-14,Houston,ERCO,1500736.0
2025-07-14,Houston,ERCO,1507160.0
2025-07-14,Houston,ERCO,1510140.0
2025-07-14,Houston,ERCO,1538579.0
2025-07-14,Houston,ERCO,1536672.0
2025-07-14,Houston,ERCO,1533433.0
2025-07-14,Houston,ERCO,1537679.0
2025-07-14,Houston,ERCO,1538579.0
2025-07-14,Houston,ERCO,1509512.0
2025-07-14,Houston,ERCO,1503470.0
2025-07-14,Houston,ERCO,1500115.0
2025-07-14,Houston,ERCO,1506577.0
2025-07-14,Houston,ERCO,1509512.0
2025-07-14,Houston,ERCO,-631.0
2025-07-14,Houston,ERCO,-604.0
2025-07-14,Houston,ERCO,-625.0
2025-07-14,Houston,ERCO,-586.0
2025-07-14,Houston,ERCO,-631.0
2025-07-13,Houston,ERCO,1424677.0
2025-07-13,Houston,ERCO,1428407.0
2025-07-13,Houston,ERCO,1429861.0
2025-07-13,Houston,ERCO,1426453.0
2025-07-13,Houston,ERCO,1424677.0
2025-07-13,Houston,ERCO,1449336.0
2025-07-13,Houston,ERCO,1449506.0
2025-07-13,Houston,ERCO,1450210.0
2025-07-13,Houston,ERCO,1449435.0
2025-07-13,Houston,ERCO,1449336.0
2025-07-13,Houston,ERCO,1423193.0
2025-07-13,Houston,ERCO,1426923.0
2025-07-13,Houston,ERCO,1428416.0
2025-07-13,Houston,ERCO,1424962.0
2025-07-13,Houston,ERCO,1423193.0
2025-07-13,Houston,ERCO,-1477.0
2025-07-13,Houston,ERCO,-1476.0
2025-07-13,Houston,ERCO,-1436.0
2025-07-13,Houston,ERCO,-1484.0
2025-07-13,Houston,ERCO,-1477.0
2025-07-12,Houston,ERCO,1493102.0
2025-07-12,Houston,ERCO,1497970.0
2025-07-12,Houston,ERCO,1500912.0
2025-07-12,Houston,ERCO,1495491.0
2025-07-12,Houston,ERCO,1493102.0
2025-07-12,Houston,ERCO,1481213.0
2025-07-12,Houston,ERCO,1484821.0
2025-07-12,Houston,ERCO,1487922.0
2025-07-12,Houston,ERCO,1482966.0
2025-07-12,Houston,ERCO,1481213.0
2025-07-12,Houston,ERCO,1490914.0
2025-07-12,Houston,ERCO,1495839.0
2025-07-12,Houston,ERCO,1498761.0
2025-07-12,Houston,ERCO,1493350.0
2025-07-12,Houston,ERCO,1490914.0
2025-07-12,Houston,ERCO,-2181.0
2025-07-12,Houston,ERCO,-2125.0
2025-07-12,Houston,ERCO,-2145.0
2025-07-12,Houston,ERCO,-2133.0
2025-07-12,Houston,ERCO,-2181.0
2025-07-11,Houston,ERCO,1542283.0
2025-07-11,Houston,ERCO,1543816.0
2025-07-11,Houston,ERCO,1545458.0
2025-07-11,Houston,ERCO,1542906.0
2025-07-11,Houston,ERCO,1542283.0
2025-07-11,Houston,ERCO,1558701.0
2025-07-11,Houston,ERCO,1557987.0
2025-07-11,Houston,ERCO,1559008.0
2025-07-11,Houston,ERCO,1558271.0
2025-07-11,Houston,ERCO,1558701.0
2025-07-11,Houston,ERCO,1542246.0
2025-07-11,Houston,ERCO,1543961.0
2025-07-11,Houston,ERCO,1545603.0
2025-07-11,Houston,ERCO,1543075.0
2025-07-11,Houston,ERCO,1542246.0
2025-07-11,Houston,ERCO,-35.0
2025-07-11,Houston,ERCO,147.0
2025-07-11,Houston,ERCO,147.0
2025-07-11,Houston,ERCO,170.0
2025-07-11,Houston,ERCO,-35.0
2025-07-10,Houston,ERCO,1534068.0
2025-07-10,Houston,ERCO,1523856.0
2025-07-10,Houston,ERCO,1518228.0
2025-07-10,Houston,ERCO,1529120.0
2025-07-10,Houston,ERCO,1534068.0
2025-07-10,Houston,ERCO,1548341.0
2025-07-10,Houston,ERCO,1544721.0
2025-07-10,Houston,ERCO,1542044.0
2025-07-10,Houston,ERCO,1546665.0
2025-07-10,Houston,ERCO,1548341.0
2025-07-10,Houston,ERCO,1533668.0
2025-07-10,Houston,ERCO,1523241.0
2025-07-10,Houston,ERCO,1517596.0
2025-07-10,Houston,ERCO,1528456.0
2025-07-10,Houston,ERCO,1533668.0
2025-07-10,Houston,ERCO,-402.0
2025-07-10,Houston,ERCO,-617.0
2025-07-10,Houston,ERCO,-634.0
2025-07-10,Houston,ERCO,-666.0
2025-07-10,Houston,ERCO,-402.0
2025-07-09,Houston,ERCO,1471587.0
2025-07-09,Houston,ERCO,1469181.0
2025-07-09,Houston,ERCO,1467582.0
2025-07-09,Houston,ERCO,1470517.0
2025-07-09,Houston,ERCO,1471587.0
2025-07-09,Houston,ERCO,1513064.0
2025-07-09,Houston,ERCO,1513260.0
2025-07-09,Houston,ERCO,1510987.0
2025-07-09,Houston,ERCO,1513189.0
2025-07-09,Houston,ERCO,1513064.0
2025-07-09,Houston,ERCO,1469677.0
2025-07-09,Houston,ERCO,1467142.0
2025-07-09,Houston,ERCO,1465540.0
2025-07-09,Houston,ERCO,1468555.0
2025-07-09,Houston,ERCO,1469677.0
2025-07-09,Houston,ERCO,-1909.0
2025-07-09,Houston,ERCO,-2036.0
2025-07-09,Houston,ERCO,-2039.0
2025-07-09,Houston,ERCO,-1960.0
2025-07-09,Houston,ERCO,-1909.0
2025-07-08,Houston,ERCO,1484849.0
2025-07-08,Houston,ERCO,1491609.0
2025-07-08,Houston,ERCO,1495487.0
2025-07-08,Houston,ERCO,1488008.0
2025-07-08,Houston,ERCO,1484849.0
2025-07-08,Houston,ERCO,1480807.0
2025-07-08,Houston,ERCO,1478458.0
2025-07-08,Houston,ERCO,1478208.0
2025-07-08,Houston,ERCO,1479549.0
2025-07-08,Houston,ERCO,1480807.0
2025-07-08,Houston,ERCO,1485400.0
2025-07-08,Houston,ERCO,1492320.0
2025-07-08,Houston,ERCO,1496232.0
2025-07-08,Houston,ERCO,1488635.0
2025-07-08,Houston,ERCO,1485400.0
2025-07-08,Houston,ERCO,547.0
2025-07-08,Houston,ERCO,705.0
2025-07-08,Houston,ERCO,739.0
2025-07-08,Houston,ERCO,622.0
2025-07-08,Houston,ERCO,547.0
2025-07-07,Houston,ERCO,1505984.0
2025-07-07,Houston,ERCO,1502122.0
2025-07-07,Houston,ERCO,1499691.0
2025-07-07,Houston,ERCO,1504186.0
2025-07-07,Houston,ERCO,1505984.0
2025-07-07,Houston,ERCO,1468369.0
2025-07-07,Houston,ERCO,1465964.0
2025-07-07,Houston,ERCO,1466712.0
2025-07-07,Houston,ERCO,1467269.0
2025-07-07,Houston,ERCO,1468369.0
2025-07-07,Houston,ERCO,1505132.0
2025-07-07,Houston,ERCO,1501206.0
2025-07-07,Houston,ERCO,1498736.0
2025-07-07,Houston,ERCO,1503326.0
2025-07-07,Houston,ERCO,1505132.0
2025-07-07,Houston,ERCO,-848.0
2025-07-07,Houston,ERCO,-913.0
2025-07-07,Houston,ERCO,-952.0
2025-07-07,Houston,ERCO,-856.0
2025-07-07,Houston,ERCO,-848.0
2025-07-06,Houston,ERCO,1409726.0
2025-07-06,Houston,ERCO,1407855.0
2025-07-06,Houston,ERCO,1406387.0
2025-07-06,Houston,ERCO,1408839.0
2025-07-06,Houston,ERCO,1409726.0
2025-07-06,Houston,ERCO,1432085.0
2025-07-06,Houston,ERCO,1431635.0
2025-07-06,Houston,ERCO,1429609.0
2025-07-06,Houston,ERCO,1431920.0
2025-07-06,Houston,ERCO,1432085.0
2025-07-06,Houston,ERCO,1410529.0
2025-07-06,Houston,ERCO,1408567.0
2025-07-06,Houston,ERCO,1407195.0
2025-07-06,Houston,ERCO,1409580.0
2025-07-06,Houston,ERCO,1410529.0
2025-07-06,Houston,ERCO,797.0
2025-07-06,Houston,ERCO,707.0
2025-07-06,Houston,ERCO,804.0
2025-07-06,Houston,ERCO,735.0
2025-07-06,Houston,ERCO,797.0
2025-07-05,Houston,ERCO,1378682.0
2025-07-05,Houston,ERCO,1379986.0
2025-07-05,Houston,ERCO,1379857.0
2025-07-05,Houston,ERCO,1379539.0
2025-07-05,Houston,ERCO,1378682.0
2025-07-05,Houston,ERCO,1383312.0
2025-07-05,Houston,ERCO,1382604.0
2025-07-05,Houston,ERCO,1384081.0
2025-07-05,Houston,ERCO,1382912.0
2025-07-05,Houston,ERCO,1383312.0
2025-07-05,Houston,ERCO,1378707.0
2025-07-05,Houston,ERCO,1380226.0
2025-07-05,Houston,ERCO,1379996.0
2025-07-05,Houston,ERCO,1379719.0
2025-07-05,Houston,ERCO,1378707.0
2025-07-05,Houston,ERCO,33.0
2025-07-05,Houston,ERCO,249.0
2025-07-05,Houston,ERCO,147.0
2025-07-05,Houston,ERCO,189.0
2025-07-05,Houston,ERCO,33.0
2025-07-04,Houston,ERCO,1393075.0
2025-07-04,Houston,ERCO,1393586.0
2025-07-04,Houston,ERCO,1394139.0
2025-07-04,Houston,ERCO,1393345.0
2025-07-04,Houston,ERCO,1393075.0
2025-07-04,Houston,ERCO,1427947.0
2025-07-04,Houston,ERCO,1433616.0
2025-07-04,Houston,ERCO,1434530.0
2025-07-04,Houston,ERCO,1430961.0
2025-07-04,Houston,ERCO,1427947.0
2025-07-04,Houston,ERCO,1390004.0
2025-07-04,Houston,ERCO,1390355.0
2025-07-04,Houston,ERCO,1390884.0
2025-07-04,Houston,ERCO,1390153.0
2025-07-04,Houston,ERCO,1390004.0
2025-07-04,Houston,ERCO,-3060.0
2025-07-04,Houston,ERCO,-3221.0
2025-07-04,Houston,ERCO,-3245.0
2025-07-04,Houston,ERCO,-3182.0
2025-07-04,Houston,ERCO,-3060.0
2025-07-03,Houston,ERCO,1436638.0
2025-07-03,Houston,ERCO,1440660.0
2025-07-03,Houston,ERCO,1443705.0
2025-07-03,Houston,ERCO,1438371.0
2025-07-03,Houston,ERCO,1436638.0
2025-07-03,Houston,ERCO,1486112.0
2025-07-03,Houston,ERCO,1484958.0
2025-07-03,Houston,ERCO,1485488.0
2025-07-03,Houston,ERCO,1485298.0
2025-07-03,Houston,ERCO,1486112.0
2025-07-03,Houston,ERCO,1435439.0
2025-07-03,Houston,ERCO,1439388.0
2025-07-03,Houston,ERCO,1442427.0
2025-07-03,Houston,ERCO,1437132.0
2025-07-03,Houston,ERCO,1435439.0
2025-07-03,Houston,ERCO,-1195.0
2025-07-03,Houston,ERCO,-1267.0
2025-07-03,Houston,ERCO,-1273.0
2025-07-03,Houston,ERCO,-1234.0
2025-07-03,Houston,ERCO,-1195.0
2025-07-02,Houston,ERCO,1513665.0
2025-07-02,Houston,ERCO,1514389.0
2025-07-02,Houston,ERCO,1514496.0
2025-07-02,Houston,ERCO,1514089.0
2025-07-02,Houston,ERCO,1513665.0
2025-07-02,Houston,ERCO,1508010.0
2025-07-02,Houston,ERCO,1508864.0
2025-07-02,Houston,ERCO,1510496.0
2025-07-02,Houston,ERCO,1508249.0
2025-07-02,Houston,ERCO,1508010.0
2025-07-02,Houston,ERCO,1511102.0
2025-07-02,Houston,ERCO,1511806.0
2025-07-02,Houston,ERCO,1511883.0
2025-07-02,Houston,ERCO,1511526.0
2025-07-02,Houston,ERCO,1511102.0
2025-07-02,Houston,ERCO,-2554.0
2025-07-02,Houston,ERCO,-2575.0
2025-07-02,Houston,ERCO,-2605.0
2025-07-02,Houston,ERCO,-2555.0
2025-07-02,Houston,ERCO,-2554.0
2025-07-01,Houston,ERCO,1492168.0
2025-07-01,Houston,ERCO,1487581.0
2025-07-01,Houston,ERCO,1485853.0
2025-07-01,Houston,ERCO,1489787.0
2025-07-01,Houston,ERCO,1492168.0
2025-07-01,Houston,ERCO,1536228.0
2025-07-01,Houston,ERCO,1538514.0
2025-07-01,Houston,ERCO,1538882.0
2025-07-01,Houston,ERCO,1537391.0
2025-07-01,Houston,ERCO,1536228.0
2025-07-01,Houston,ERCO,1489944.0
2025-07-01,Houston,ERCO,1485460.0
2025-07-01,Houston,ERCO,1483733.0
2025-07-01,Houston,ERCO,1487612.0
2025-07-01,Houston,ERCO,1489944.0
2025-07-01,Houston,ERCO,-2222.0
2025-07-01,Houston,ERCO,-2118.0
2025-07-01,Houston,ERCO,-2117.0
2025-07-01,Houston,ERCO,-2173.0
2025-07-01,Houston,ERCO,-2222.0
2025-06-30,Houston,ERCO,1518885.0
2025-06-30,Houston,ERCO,1523849.0
2025-06-30,Houston,ERCO,1526455.0
2025-06-30,Houston,ERCO,1521382.0
2025-06-30,Houston,ERCO,1518885.0
2025-06-30,Houston,ERCO,1561523.0
2025-06-30,Houston,ERCO,1560932.0
2025-06-30,Houston,ERCO,1561713.0
2025-06-30,Houston,ERCO,1561228.0
2025-06-30,Houston,ERCO,1561523.0
2025-06-30,Houston,ERCO,1516459.0
2025-06-30,Houston,ERCO,1521314.0
2025-06-30,Houston,ERCO,1523919.0
2025-06-30,Houston,ERCO,1518907.0
2025-06-30,Houston,ERCO,1516459.0
2025-06-30,Houston,ERCO,-2422.0
2025-06-30,Houston,ERCO,-2532.0
2025-06-30,Houston,ERCO,-2532.0
2025-06-30,Houston,ERCO,-2471.0
2025-06-30,Houston,ERCO,-2422.0
2025-06-29,Houston,ERCO,1510724.0
2025-06-29,Houston,ERCO,1515245.0
2025-06-29,Houston,ERCO,1517724.0
2025-06-29,Houston,ERCO,1512755.0
2025-06-29,Houston,ERCO,1510724.0
2025-06-29,Houston,ERCO,1537469.0
2025-06-29,Houston,ERCO,1544787.0
2025-06-29,Houston,ERCO,1544625.0
2025-06-29,Houston,ERCO,1541156.0
2025-06-29,Houston,ERCO,1537469.0
2025-06-29,Houston,ERCO,1508709.0
2025-06-29,Houston,ERCO,1513230.0
2025-06-29,Houston,ERCO,1515711.0
2025-06-29,Houston,ERCO,1510740.0
2025-06-29,Houston,ERCO,1508709.0
2025-06-29,Houston,ERCO,-2015.0
2025-06-29,Houston,ERCO,-2015.0
2025-06-29,Houston,ERCO,-2015.0
2025-06-29,Houston,ERCO,-2015.0
2025-06-29,Houston,ERCO,-2015.0
2025-06-28,Houston,ERCO,1551228.0
2025-06-28,Houston,ERCO,1550787.0
2025-06-28,Houston,ERCO,1550370.0
2025-06-28,Houston,ERCO,1550970.0
2025-06-28,Houston,ERCO,1551228.0
2025-06-28,Houston,ERCO,1551796.0
2025-06-28,Houston,ERCO,1549229.0
2025-06-28,Houston,ERCO,1549700.0
2025-06-28,Houston,ERCO,1550492.0
2025-06-28,Houston,ERCO,1551796.0
2025-06-28,Houston,ERCO,1548817.0
2025-06-28,Houston,ERCO,1548376.0
2025-06-28,Houston,ERCO,1547977.0
2025-06-28,Houston,ERCO,1548559.0
2025-06-28,Houston,ERCO,1548817.0
2025-06-28,Houston,ERCO,-2415.0
2025-06-28,Houston,ERCO,-2415.0
2025-06-28,Houston,ERCO,-2396.0
2025-06-28,Houston,ERCO,-2415.0
2025-06-28,Houston,ERCO,-2415.0
2025-06-27,Houston,ERCO,1541160.0
2025-06-27,Houston,ERCO,1536061.0
2025-06-27,Houston,ERCO,1533673.0
2025-06-27,Houston,ERCO,1538646.0
2025-06-27,Houston,ERCO,1541160.0
2025-06-27,Houston,ERCO,1556946.0
2025-06-27,Houston,ERCO,1552465.0
2025-06-27,Houston,ERCO,1551495.0
2025-06-27,Houston,ERCO,1554625.0
2025-06-27,Houston,ERCO,1556946.0
2025-06-27,Houston,ERCO,1539522.0
2025-06-27,Houston,ERCO,1534585.0
2025-06-27,Houston,ERCO,1532184.0
2025-06-27,Houston,ERCO,1537114.0
2025-06-27,Houston,ERCO,1539522.0
2025-06-27,Houston,ERCO,-1631.0
2025-06-27,Houston,ERCO,-1468.0
2025-06-27,Houston,ERCO,-1481.0
2025-06-27,Houston,ERCO,-1524.0
2025-06-27,Houston,ERCO,-1631.0
2025-06-26,Houston,ERCO,1516407.0
2025-06-26,Houston,ERCO,1513894.0
2025-06-26,Houston,ERCO,1512432.0
2025-06-26,Houston,ERCO,1515274.0
2025-06-26,Houston,ERCO,1516407.0
2025-06-26,Houston,ERCO,1543797.0
2025-06-26,Houston,ERCO,1546185.0
2025-06-26,Houston,ERCO,1543757.0
2025-06-26,Houston,ERCO,1545133.0
2025-06-26,Houston,ERCO,1543797.0
2025-06-26,Houston,ERCO,1515825.0
2025-06-26,Houston,ERCO,1513588.0
2025-06-26,Houston,ERCO,1512353.0
2025-06-26,Houston,ERCO,1514805.0
2025-06-26,Houston,ERCO,1515825.0
2025-06-26,Houston,ERCO,-579.0
2025-06-26,Houston,ERCO,-305.0
2025-06-26,Houston,ERCO,-78.0
2025-06-26,Houston,ERCO,-467.0
2025-06-26,Houston,ERCO,-579.0
2025-06-25,Houston,ERCO,1498039.0
2025-06-25,Houston,ERCO,1502732.0
2025-06-25,Houston,ERCO,1505548.0
2025-06-25,Houston,ERCO,1500215.0
2025-06-25,Houston,ERCO,1498039.0
2025-06-25,Houston,ERCO,1516127.0
2025-06-25,Houston,ERCO,1515253.0
2025-06-25,Houston,ERCO,1517626.0
2025-06-25,Houston,ERCO,1515467.0
2025-06-25,Houston,ERCO,1516127.0
2025-06-25,Houston,ERCO,1497318.0
2025-06-25,Houston,ERCO,1501573.0
2025-06-25,Houston,ERCO,1504157.0
2025-06-25,Houston,ERCO,1499275.0
2025-06-25,Houston,ERCO,1497318.0
2025-06-25,Houston,ERCO,-724.0
2025-06-25,Houston,ERCO,-1161.0
2025-06-25,Houston,ERCO,-1392.0
2025-06-25,Houston,ERCO,-943.0
2025-06-25,Houston,ERCO,-724.0
2025-06-24,Houston,ERCO,1557320.0
2025-06-24,Houston,ERCO,1559157.0
2025-06-24,Houston,ERCO,1560533.0
2025-06-24,Houston,ERCO,1557992.0
2025-06-24,Houston,ERCO,1557320.0
2025-06-24,Houston,ERCO,1570250.0
2025-06-24,Houston,ERCO,1572033.0
2025-06-24,Houston,ERCO,1571894.0
2025-06-24,Houston,ERCO,1571159.0
2025-06-24,Houston,ERCO,1570250.0
2025-06-24,Houston,ERCO,1558186.0
2025-06-24,Houston,ERCO,1560214.0
2025-06-24,Houston,ERCO,1561725.0
2025-06-24,Houston,ERCO,1558957.0
2025-06-24,Houston,ERCO,1558186.0
2025-06-24,Houston,ERCO,863.0
2025-06-24,Houston,ERCO,1055.0
2025-06-24,Houston,ERCO,1189.0
2025-06-24,Houston,ERCO,963.0
2025-06-24,Houston,ERCO,863.0
2025-06-23,Houston,ERCO,1584468.0
2025-06-23,Houston,ERCO,1584631.0
2025-06-23,Houston,ERCO,1583960.0
2025-06-23,Houston,ERCO,1584977.0
2025-06-23,Houston,ERCO,1584468.0
2025-06-23,Houston,ERCO,1563515.0
2025-06-23,Houston,ERCO,1562681.0
2025-06-23,Houston,ERCO,1563015.0
2025-06-23,Houston,ERCO,1563184.0
2025-06-23,Houston,ERCO,1563515.0
2025-06-23,Houston,ERCO,1583742.0
2025-06-23,Houston,ERCO,1584011.0
2025-06-23,Houston,ERCO,1583366.0
2025-06-23,Houston,ERCO,1584292.0
2025-06-23,Houston,ERCO,1583742.0
2025-06-23,Houston,ERCO,-724.0
2025-06-23,Houston,ERCO,-618.0
2025-06-23,Houston,ERCO,-592.0
2025-06-23,Houston,ERCO,-684.0
2025-06-23,Houston,ERCO,-724.0
2025-06-22,Houston,ERCO,1537877.0
2025-06-22,Houston,ERCO,1538952.0
2025-06-22,Houston,ERCO,1538862.0
2025-06-22,Houston,ERCO,1538500.0
2025-06-22,Houston,ERCO,1537877.0
2025-06-22,Houston,ERCO,1543816.0
2025-06-22,Houston,ERCO,1546624.0
2025-06-22,Houston,ERCO,1547176.0
2025-06-22,Houston,ERCO,1545350.0
2025-06-22,Houston,ERCO,1543816.0
2025-06-22,Houston,ERCO,1537376.0
2025-06-22,Houston,ERCO,1538526.0
2025-06-22,Houston,ERCO,1538550.0
2025-06-22,Houston,ERCO,1537995.0
2025-06-22,Houston,ERCO,1537376.0
2025-06-22,Houston,ERCO,-494.0
2025-06-22,Houston,ERCO,-419.0
2025-06-22,Houston,ERCO,-304.0
2025-06-22,Houston,ERCO,-498.0
2025-06-22,Houston,ERCO,-494.0
2025-06-21,Houston,ERCO,1548247.0
2025-06-21,Houston,ERCO,1552217.0
2025-06-21,Houston,ERCO,1554754.0
2025-06-21,Houston,ERCO,1550019.0
2025-06-21,Houston,ERCO,1548247.0
2025-06-21,Houston,ERCO,1559492.0
2025-06-21,Houston,ERCO,1560431.0
2025-06-21,Houston,ERCO,1559706.0
2025-06-21,Houston,ERCO,1559760.0
2025-06-21,Houston,ERCO,1559492.0
2025-06-21,Houston,ERCO,1550528.0
2025-06-21,Houston,ERCO,1554447.0
2025-06-21,Houston,ERCO,1556974.0
2025-06-21,Houston,ERCO,1552300.0
2025-06-21,Houston,ERCO,1550528.0
2025-06-21,Houston,ERCO,2279.0
2025-06-21,Houston,ERCO,2226.0
2025-06-21,Houston,ERCO,2216.0
2025-06-21,Houston,ERCO,2279.0
2025-06-21,Houston,ERCO,2279.0
2025-06-20,Houston,ERCO,1609234.0
2025-06-20,Houston,ERCO,1609959.0
2025-06-20,Houston,ERCO,1610371.0
2025-06-20,Houston,ERCO,1609670.0
2025-06-20,Houston,ERCO,1609234.0
2025-06-20,Houston,ERCO,1549688.0
2025-06-20,Houston,ERCO,1545665.0
2025-06-20,Houston,ERCO,1547937.0
2025-06-20,Houston,ERCO,1547775.0
2025-06-20,Houston,ERCO,1549688.0
2025-06-20,Houston,ERCO,1609922.0
2025-06-20,Houston,ERCO,1610416.0
2025-06-20,Houston,ERCO,1610655.0
2025-06-20,Houston,ERCO,1610254.0
2025-06-20,Houston,ERCO,1609922.0
2025-06-20,Houston,ERCO,684.0
2025-06-20,Houston,ERCO,455.0
2025-06-20,Houston,ERCO,282.0
2025-06-20,Houston,ERCO,580.0
2025-06-20,Houston,ERCO,684.0
2025-06-19,Houston,ERCO,1597362.0
2025-06-19,Houston,ERCO,1594402.0
2025-06-19,Houston,ERCO,1593021.0
2025-06-19,Houston,ERCO,1595874.0
2025-06-19,Houston,ERCO,1597362.0
2025-06-19,Houston,ERCO,1600657.0
2025-06-19,Houston,ERCO,1605384.0
2025-06-19,Houston,ERCO,1605864.0
2025-06-19,Houston,ERCO,1603081.0
2025-06-19,Houston,ERCO,1600657.0
2025-06-19,Houston,ERCO,1597239.0
2025-06-19,Houston,ERCO,1594634.0
2025-06-19,Houston,ERCO,1593231.0
2025-06-19,Houston,ERCO,1595955.0
2025-06-19,Houston,ERCO,1597239.0
2025-06-19,Houston,ERCO,-115.0
2025-06-19,Houston,ERCO,239.0
2025-06-19,Houston,ERCO,216.0
2025-06-19,Houston,ERCO,89.0
2025-06-19,Houston,ERCO,-115.0
2025-06-18,Houston,ERCO,1578528.0
2025-06-18,Houston,ERCO,1577424.0
2025-06-18,Houston,ERCO,1577291.0
2025-06-18,Houston,ERCO,1577849.0
2025-06-18,Houston,ERCO,1578528.0
2025-06-18,Houston,ERCO,1610772.0
2025-06-18,Houston,ERCO,1611697.0
2025-06-18,Houston,ERCO,1609756.0
2025-06-18,Houston,ERCO,1611277.0
2025-06-18,Houston,ERCO,1610772.0
2025-06-18,Houston,ERCO,1580584.0
2025-06-18,Houston,ERCO,1579736.0
2025-06-18,Houston,ERCO,1579941.0
2025-06-18,Houston,ERCO,1579910.0
2025-06-18,Houston,ERCO,1580584.0
2025-06-18,Houston,ERCO,2049.0
2025-06-18,Houston,ERCO,2307.0
2025-06-18,Houston,ERCO,2646.0
2025-06-18,Houston,ERCO,2055.0
2025-06-18,Houston,ERCO,2049.0
2025-06-17,Houston,ERCO,1561290.0
2025-06-17,Houston,ERCO,1556901.0
2025-06-17,Houston,ERCO,1554738.0
2025-06-17,Houston,ERCO,1559109.0
2025-06-17,Houston,ERCO,1561290.0
2025-06-17,Houston,ERCO,1556390.0
2025-06-17,Houston,ERCO,1548650.0
2025-06-17,Houston,ERCO,1545988.0
2025-06-17,Houston,ERCO,1552603.0
2025-06-17,Houston,ERCO,1556390.0
2025-06-17,Houston,ERCO,1563216.0
2025-06-17,Houston,ERCO,1558572.0
2025-06-17,Houston,ERCO,1556143.0
2025-06-17,Houston,ERCO,1561030.0
2025-06-17,Houston,ERCO,1563216.0
2025-06-17,Houston,ERCO,1940.0
2025-06-17,Houston,ERCO,1684.0
2025-06-17,Houston,ERCO,1417.0
2025-06-17,Houston,ERCO,1934.0
2025-06-17,Houston,ERCO,1940.0
2025-06-16,Houston,ERCO,1493099.0
2025-06-16,Houston,ERCO,1479755.0
2025-06-16,Houston,ERCO,1471507.0
2025-06-16,Houston,ERCO,1486841.0
2025-06-16,Houston,ERCO,1493099.0
2025-06-16,Houston,ERCO,1479813.0
2025-06-16,Houston,ERCO,1473255.0
2025-06-16,Houston,ERCO,1471411.0
2025-06-16,Houston,ERCO,1476547.0
2025-06-16,Houston,ERCO,1479813.0
2025-06-16,Houston,ERCO,1493272.0
2025-06-16,Houston,ERCO,1479762.0
2025-06-16,Houston,ERCO,1471373.0
2025-06-16,Houston,ERCO,1486897.0
2025-06-16,Houston,ERCO,1493272.0
2025-06-16,Houston,ERCO,178.0
2025-06-16,Houston,ERCO,13.0
2025-06-16,Houston,ERCO,-128.0
2025-06-16,Houston,ERCO,62.0
2025-06-16,Houston,ERCO,178.0
2025-06-15,Houston,ERCO,1392704.0
2025-06-15,Houston,ERCO,1407728.0
2025-06-15,Houston,ERCO,1415636.0
2025-06-15,Houston,ERCO,1400087.0
2025-06-15,Houston,ERCO,1392704.0
2025-06-15,Houston,ERCO,1446032.0
2025-06-15,Houston,ERCO,1453370.0
2025-06-15,Houston,ERCO,1454488.0
2025-06-15,Houston,ERCO,1449747.0
2025-06-15,Houston,ERCO,1446032.0
2025-06-15,Houston,ERCO,1392829.0
2025-06-15,Houston,ERCO,1407734.0
2025-06-15,Houston,ERCO,1415699.0
2025-06-15,Houston,ERCO,1400143.0
2025-06-15,Houston,ERCO,1392829.0
2025-06-15,Houston,ERCO,125.0
2025-06-15,Houston,ERCO,4.0
2025-06-15,Houston,ERCO,61.0
2025-06-15,Houston,ERCO,55.0
2025-06-15,Houston,ERCO,125.0
2025-06-14,Houston,ERCO,1497221.0
2025-06-14,Houston,ERCO,1494536.0
2025-06-14,Houston,ERCO,1493849.0
2025-06-14,Houston,ERCO,1495580.0
2025-06-14,Houston,ERCO,1497221.0
2025-06-14,Houston,ERCO,1453148.0
2025-06-14,Houston,ERCO,1450485.0
2025-06-14,Houston,ERCO,1450040.0
2025-06-14,Houston,ERCO,1451775.0
2025-06-14,Houston,ERCO,1453148.0
2025-06-14,Houston,ERCO,1497750.0
2025-06-14,Houston,ERCO,1495217.0
2025-06-14,Houston,ERCO,1494687.0
2025-06-14,Houston,ERCO,1496216.0
2025-06-14,Houston,ERCO,1497750.0
2025-06-14,Houston,ERCO,522.0
2025-06-14,Houston,ERCO,674.0
2025-06-14,Houston,ERCO,831.0
2025-06-14,Houston,ERCO,629.0
2025-06-14,Houston,ERCO,522.0
2025-06-13,Houston,ERCO,1478109.0
2025-06-13,Houston,ERCO,1466280.0
2025-06-13,Houston,ERCO,1459368.0
2025-06-13,Houston,ERCO,1472638.0
2025-06-13,Houston,ERCO,1478109.0
2025-06-13,Houston,ERCO,1452247.0
2025-06-13,Houston,ERCO,1445774.0
2025-06-13,Houston,ERCO,1441764.0
2025-06-13,Houston,ERCO,1449174.0
2025-06-13,Houston,ERCO,1452247.0
2025-06-13,Houston,ERCO,1480815.0
2025-06-13,Houston,ERCO,1469190.0
2025-06-13,Houston,ERCO,1462277.0
2025-06-13,Houston,ERCO,1475467.0
2025-06-13,Houston,ERCO,1480815.0
2025-06-13,Houston,ERCO,2706.0
2025-06-13,Houston,ERCO,2912.0
2025-06-13,Houston,ERCO,2912.0
2025-06-13,Houston,ERCO,2830.0
2025-06-13,Houston,ERCO,2706.0
2025-06-12,Houston,ERCO,1324651.0
2025-06-12,Houston,ERCO,1326795.0
2025-06-12,Houston,ERCO,1327811.0
2025-06-12,Houston,ERCO,1325873.0
2025-06-12,Houston,ERCO,1324651.0
2025-06-12,Houston,ERCO,1357282.0
2025-06-12,Houston,ERCO,1353887.0
2025-06-12,Houston,ERCO,1352262.0
2025-06-12,Houston,ERCO,1355577.0
2025-06-12,Houston,ERCO,1357282.0
2025-06-12,Houston,ERCO,1323521.0
2025-06-12,Houston,ERCO,1325286.0
2025-06-12,Houston,ERCO,1326323.0
2025-06-12,Houston,ERCO,1324530.0
2025-06-12,Houston,ERCO,1323521.0
2025-06-12,Houston,ERCO,-1116.0
2025-06-12,Houston,ERCO,-1496.0
2025-06-12,Houston,ERCO,-1475.0
2025-06-12,Houston,ERCO,-1330.0
2025-06-12,Houston,ERCO,-1116.0
2025-06-11,Houston,ERCO,1344413.0
2025-06-11,Houston,ERCO,1349409.0
2025-06-11,Houston,ERCO,1352134.0
2025-06-11,Houston,ERCO,1346569.0
2025-06-11,Houston,ERCO,1344413.0
2025-06-11,Houston,ERCO,1341231.0
2025-06-11,Houston,ERCO,1346205.0
2025-06-11,Houston,ERCO,1350560.0
2025-06-11,Houston,ERCO,1343459.0
2025-06-11,Houston,ERCO,1341231.0
2025-06-11,Houston,ERCO,1343381.0
2025-06-11,Houston,ERCO,1348507.0
2025-06-11,Houston,ERCO,1351086.0
2025-06-11,Houston,ERCO,1345648.0
2025-06-11,Houston,ERCO,1343381.0
2025-06-11,Houston,ERCO,-1017.0
2025-06-11,Houston,ERCO,-888.0
2025-06-11,Houston,ERCO,-1035.0
2025-06-11,Houston,ERCO,-906.0
2025-06-11,Houston,ERCO,-1017.0
2025-06-10,Houston,ERCO,1442103.0
2025-06-10,Houston,ERCO,1446184.0
2025-06-10,Houston,ERCO,1449338.0
2025-06-10,Houston,ERCO,1443952.0
2025-06-10,Houston,ERCO,1442103.0
2025-06-10,Houston,ERCO,1457188.0
2025-06-10,Houston,ERCO,1460120.0
2025-06-10,Houston,ERCO,1462240.0
2025-06-10,Houston,ERCO,1458617.0
2025-06-10,Houston,ERCO,1457188.0
2025-06-10,Houston,ERCO,1441421.0
2025-06-10,Houston,ERCO,1445374.0
2025-06-10,Houston,ERCO,1448530.0
2025-06-10,Houston,ERCO,1443155.0
2025-06-10,Houston,ERCO,1441421.0
2025-06-10,Houston,ERCO,-679.0
2025-06-10,Houston,ERCO,-807.0
2025-06-10,Houston,ERCO,-804.0
2025-06-10,Houston,ERCO,-794.0
2025-06-10,Houston,ERCO,-679.0
2025-06-09,Houston,ERCO,1511311.0
2025-06-09,Houston,ERCO,1512008.0
2025-06-09,Houston,ERCO,1512714.0
2025-06-09,Houston,ERCO,1511662.0
2025-06-09,Houston,ERCO,1511311.0
2025-06-09,Houston,ERCO,1525784.0
2025-06-09,Houston,ERCO,1530925.0
2025-06-09,Houston,ERCO,1533020.0
2025-06-09,Houston,ERCO,1528066.0
2025-06-09,Houston,ERCO,1525784.0
2025-06-09,Houston,ERCO,1511968.0
2025-06-09,Houston,ERCO,1512785.0
2025-06-09,Houston,ERCO,1513489.0
2025-06-09,Houston,ERCO,1512378.0
2025-06-09,Houston,ERCO,1511968.0
2025-06-09,Houston,ERCO,650.0
2025-06-09,Houston,ERCO,770.0
2025-06-09,Houston,ERCO,767.0
2025-06-09,Houston,ERCO,709.0
2025-06-09,Houston,ERCO,650.0
2025-06-08,Houston,ERCO,1537993.0
2025-06-08,Houston,ERCO,1542814.0
2025-06-08,Houston,ERCO,1544135.0
2025-06-08,Houston,ERCO,1540487.0
2025-06-08,Houston,ERCO,1537993.0
2025-06-08,Houston,ERCO,1555970.0
2025-06-08,Houston,ERCO,1559708.0
2025-06-08,Houston,ERCO,1560333.0
2025-06-08,Houston,ERCO,1558042.0
2025-06-08,Houston,ERCO,1555970.0
2025-06-08,Houston,ERCO,1538618.0
2025-06-08,Houston,ERCO,1543299.0
2025-06-08,Houston,ERCO,1544609.0
2025-06-08,Houston,ERCO,1541031.0
2025-06-08,Houston,ERCO,1538618.0
2025-06-08,Houston,ERCO,618.0
2025-06-08,Houston,ERCO,478.0
2025-06-08,Houston,ERCO,467.0
2025-06-08,Houston,ERCO,537.0
2025-06-08,Houston,ERCO,618.0
2025-06-07,Houston,ERCO,1539505.0
2025-06-07,Houston,ERCO,1540018.0
2025-06-07,Houston,ERCO,1540685.0
2025-06-07,Houston,ERCO,1539676.0
2025-06-07,Houston,ERCO,1539505.0
2025-06-07,Houston,ERCO,1549147.0
2025-06-07,Houston,ERCO,1548275.0
2025-06-07,Houston,ERCO,1547004.0
2025-06-07,Houston,ERCO,1548782.0
2025-06-07,Houston,ERCO,1549147.0
2025-06-07,Houston,ERCO,1537467.0
2025-06-07,Houston,ERCO,1538021.0
2025-06-07,Houston,ERCO,1538719.0
2025-06-07,Houston,ERCO,1537677.0
2025-06-07,Houston,ERCO,1537467.0
2025-06-07,Houston,ERCO,-2031.0
2025-06-07,Houston,ERCO,-1990.0
2025-06-07,Houston,ERCO,-1957.0
2025-06-07,Houston,ERCO,-1992.0
2025-06-07,Houston,ERCO,-2031.0
2025-06-06,Houston,ERCO,1560969.0
2025-06-06,Houston,ERCO,1558028.0
2025-06-06,Houston,ERCO,1556312.0
2025-06-06,Houston,ERCO,1559529.0
2025-06-06,Houston,ERCO,1560969.0
2025-06-06,Houston,ERCO,1531300.0
2025-06-06,Houston,ERCO,1526015.0
2025-06-06,Houston,ERCO,1524065.0
2025-06-06,Houston,ERCO,1528643.0
2025-06-06,Houston,ERCO,1531300.0
2025-06-06,Houston,ERCO,1560048.0
2025-06-06,Houston,ERCO,1557184.0
2025-06-06,Houston,ERCO,1555467.0
2025-06-06,Houston,ERCO,1558676.0
2025-06-06,Houston,ERCO,1560048.0
2025-06-06,Houston,ERCO,-907.0
2025-06-06,Houston,ERCO,-830.0
2025-06-06,Houston,ERCO,-833.0
2025-06-06,Houston,ERCO,-839.0
2025-06-06,Houston,ERCO,-907.0
2025-06-05,Houston,ERCO,1497131.0
2025-06-05,Houston,ERCO,1488771.0
2025-06-05,Houston,ERCO,1484415.0
2025-06-05,Houston,ERCO,1493155.0
2025-06-05,Houston,ERCO,1497131.0
2025-06-05,Houston,ERCO,1476073.0
2025-06-05,Houston,ERCO,1470605.0
2025-06-05,Houston,ERCO,1468541.0
2025-06-05,Houston,ERCO,1473411.0
2025-06-05,Houston,ERCO,1476073.0
2025-06-05,Houston,ERCO,1498981.0
2025-06-05,Houston,ERCO,1490861.0
2025-06-05,Houston,ERCO,1486457.0
2025-06-05,Houston,ERCO,1495131.0
2025-06-05,Houston,ERCO,1498981.0
2025-06-05,Houston,ERCO,1851.0
2025-06-05,Houston,ERCO,2093.0
2025-06-05,Houston,ERCO,2045.0
2025-06-05,Houston,ERCO,1978.0
2025-06-05,Houston,ERCO,1851.0
2025-06-04,Houston,ERCO,1430566.0
2025-06-04,Houston,ERCO,1434459.0
2025-06-04,Houston,ERCO,1436752.0
2025-06-04,Houston,ERCO,1432318.0
2025-06-04,Houston,ERCO,1430566.0
2025-06-04,Houston,ERCO,1436639.0
2025-06-04,Houston,ERCO,1439841.0
2025-06-04,Houston,ERCO,1442971.0
2025-06-04,Houston,ERCO,1438116.0
2025-06-04,Houston,ERCO,1436639.0
2025-06-04,Houston,ERCO,1428710.0
2025-06-04,Houston,ERCO,1432448.0
2025-06-04,Houston,ERCO,1434799.0
2025-06-04,Houston,ERCO,1430408.0
2025-06-04,Houston,ERCO,1428710.0
2025-06-04,Houston,ERCO,-1850.0
2025-06-04,Houston,ERCO,-2006.0
2025-06-04,Houston,ERCO,-1947.0
2025-06-04,Houston,ERCO,-1904.0
2025-06-04,Houston,ERCO,-1850.0
2025-06-03,Houston,ERCO,1503443.0
2025-06-03,Houston,ERCO,1505889.0
2025-06-03,Houston,ERCO,1507353.0
2025-06-03,Houston,ERCO,1504659.0
2025-06-03,Houston,ERCO,1503443.0
2025-06-03,Houston,ERCO,1532683.0
2025-06-03,Houston,ERCO,1539412.0
2025-06-03,Houston,ERCO,1537489.0
2025-06-03,Houston,ERCO,1536221.0
2025-06-03,Houston,ERCO,1532683.0
2025-06-03,Houston,ERCO,1500820.0
2025-06-03,Houston,ERCO,1503189.0
2025-06-03,Houston,ERCO,1504636.0
2025-06-03,Houston,ERCO,1501888.0
2025-06-03,Houston,ERCO,1500820.0
2025-06-03,Houston,ERCO,-2613.0
2025-06-03,Houston,ERCO,-2690.0
2025-06-03,Houston,ERCO,-2707.0
2025-06-03,Houston,ERCO,-2762.0
2025-06-03,Houston,ERCO,-2613.0
2025-06-02,Houston,ERCO,1515859.0
2025-06-02,Houston,ERCO,1510121.0
2025-06-02,Houston,ERCO,1507284.0
2025-06-02,Houston,ERCO,1513039.0
2025-06-02,Houston,ERCO,1515859.0
2025-06-02,Houston,ERCO,1490934.0
2025-06-02,Houston,ERCO,1481248.0
2025-06-02,Houston,ERCO,1481298.0
2025-06-02,Houston,ERCO,1486005.0
2025-06-02,Houston,ERCO,1490934.0
2025-06-02,Houston,ERCO,1515302.0
2025-06-02,Houston,ERCO,1509378.0
2025-06-02,Houston,ERCO,1506478.0
2025-06-02,Houston,ERCO,1512430.0
2025-06-02,Houston,ERCO,1515302.0
2025-06-02,Houston,ERCO,-553.0
2025-06-02,Houston,ERCO,-740.0
2025-06-02,Houston,ERCO,-804.0
2025-06-02,Houston,ERCO,-605.0
2025-06-02,Houston,ERCO,-553.0
2025-06-01,Houston,ERCO,1401155.0
2025-06-01,Houston,ERCO,1396345.0
2025-06-01,Houston,ERCO,1393340.0
2025-06-01,Houston,ERCO,1398763.0
2025-06-01,Houston,ERCO,1401155.0
2025-06-01,Houston,ERCO,1415405.0
2025-06-01,Houston,ERCO,1412758.0
2025-06-01,Houston,ERCO,1409318.0
2025-06-01,Houston,ERCO,1414376.0
2025-06-01,Houston,ERCO,1415405.0
2025-06-01,Houston,ERCO,1401446.0
2025-06-01,Houston,ERCO,1396894.0
2025-06-01,Houston,ERCO,1393851.0
2025-06-01,Houston,ERCO,1399201.0
2025-06-01,Houston,ERCO,1401446.0
2025-06-01,Houston,ERCO,290.0
2025-06-01,Houston,ERCO,549.0
2025-06-01,Houston,ERCO,511.0
2025-06-01,Houston,ERCO,437.0
2025-06-01,Houston,ERCO,290.0
2025-05-31,Houston,ERCO,1344164.0
2025-05-31,Houston,ERCO,1339133.0
2025-05-31,Houston,ERCO,1336122.0
2025-05-31,Houston,ERCO,1341693.0
2025-05-31,Houston,ERCO,1344164.0
2025-05-31,Houston,ERCO,1343942.0
2025-05-31,Houston,ERCO,1342945.0
2025-05-31,Houston,ERCO,1342330.0
2025-05-31,Houston,ERCO,1343273.0
2025-05-31,Houston,ERCO,1343942.0
2025-05-31,Houston,ERCO,1343476.0
2025-05-31,Houston,ERCO,1338214.0
2025-05-31,Houston,ERCO,1335244.0
2025-05-31,Houston,ERCO,1340891.0
2025-05-31,Houston,ERCO,1343476.0
2025-05-31,Houston,ERCO,-689.0
2025-05-31,Houston,ERCO,-920.0
2025-05-31,Houston,ERCO,-878.0
2025-05-31,Houston,ERCO,-803.0
2025-05-31,Houston,ERCO,-689.0
2025-05-30,Houston,ERCO,1313614.0
2025-05-30,Houston,ERCO,1320531.0
2025-05-30,Houston,ERCO,1324818.0
2025-05-30,Houston,ERCO,1317120.0
2025-05-30,Houston,ERCO,1313614.0
2025-05-30,Houston,ERCO,1372529.0
2025-05-30,Houston,ERCO,1375276.0
2025-05-30,Houston,ERCO,1376688.0
2025-05-30,Houston,ERCO,1373769.0
2025-05-30,Houston,ERCO,1372529.0
2025-05-30,Houston,ERCO,1311620.0
2025-05-30,Houston,ERCO,1318967.0
2025-05-30,Houston,ERCO,1323546.0
2025-05-30,Houston,ERCO,1315275.0
2025-05-30,Houston,ERCO,1311620.0
2025-05-30,Houston,ERCO,-1988.0
2025-05-30,Houston,ERCO,-1556.0
2025-05-30,Houston,ERCO,-1264.0
2025-05-30,Houston,ERCO,-1837.0
2025-05-30,Houston,ERCO,-1988.0
2025-05-29,Houston,ERCO,1395401.0
2025-05-29,Houston,ERCO,1387867.0
2025-05-29,Houston,ERCO,1383455.0
2025-05-29,Houston,ERCO,1391775.0
2025-05-29,Houston,ERCO,1395401.0
2025-05-29,Houston,ERCO,1400401.0
2025-05-29,Houston,ERCO,1393527.0
2025-05-29,Houston,ERCO,1389978.0
2025-05-29,Houston,ERCO,1397162.0
2025-05-29,Houston,ERCO,1400401.0
2025-05-29,Houston,ERCO,1396959.0
2025-05-29,Houston,ERCO,1389641.0
2025-05-29,Houston,ERCO,1385159.0
2025-05-29,Houston,ERCO,1393456.0
2025-05-29,Houston,ERCO,1396959.0
2025-05-29,Houston,ERCO,1570.0
2025-05-29,Houston,ERCO,1785.0
2025-05-29,Houston,ERCO,1714.0
2025-05-29,Houston,ERCO,1692.0
2025-05-29,Houston,ERCO,1570.0
2025-05-28,Houston,ERCO,1305592.0
2025-05-28,Houston,ERCO,1311095.0
2025-05-28,Houston,ERCO,1314192.0
2025-05-28,Houston,ERCO,1308277.0
2025-05-28,Houston,ERCO,1305592.0
2025-05-28,Houston,ERCO,1320497.0
2025-05-28,Houston,ERCO,1323050.0
2025-05-28,Houston,ERCO,1323999.0
2025-05-28,Houston,ERCO,1321647.0
2025-05-28,Houston,ERCO,1320497.0
2025-05-28,Houston,ERCO,1305418.0
2025-05-28,Houston,ERCO,1310536.0
2025-05-28,Houston,ERCO,1313513.0
2025-05-28,Houston,ERCO,1307938.0
2025-05-28,Houston,ERCO,1305418.0
2025-05-28,Houston,ERCO,-168.0
2025-05-28,Houston,ERCO,-554.0
2025-05-28,Houston,ERCO,-674.0
2025-05-28,Houston,ERCO,-334.0
2025-05-28,Houston,ERCO,-168.0
2025-05-27,Houston,ERCO,1353527.0
2025-05-27,Houston,ERCO,1346311.0
2025-05-27,Houston,ERCO,1342641.0
2025-05-27,Houston,ERCO,1349786.0
2025-05-27,Houston,ERCO,1353527.0
2025-05-27,Houston,ERCO,1327263.0
2025-05-27,Houston,ERCO,1321997.0
2025-05-27,Houston,ERCO,1324903.0
2025-05-27,Houston,ERCO,1324606.0
2025-05-27,Houston,ERCO,1327263.0
2025-05-27,Houston,ERCO,1352579.0
2025-05-27,Houston,ERCO,1345548.0
2025-05-27,Houston,ERCO,1341962.0
2025-05-27,Houston,ERCO,1348935.0
2025-05-27,Houston,ERCO,1352579.0
2025-05-27,Houston,ERCO,-938.0
2025-05-27,Houston,ERCO,-753.0
2025-05-27,Houston,ERCO,-668.0
2025-05-27,Houston,ERCO,-840.0
2025-05-27,Houston,ERCO,-938.0
2025-05-26,Houston,ERCO,1323574.0
2025-05-26,Houston,ERCO,1344864.0
2025-05-26,Houston,ERCO,1355639.0
2025-05-26,Houston,ERCO,1334225.0
2025-05-26,Houston,ERCO,1323574.0
2025-05-26,Houston,ERCO,1429448.0
2025-05-26,Houston,ERCO,1445728.0
2025-05-26,Houston,ERCO,1450642.0
2025-05-26,Houston,ERCO,1437815.0
2025-05-26,Houston,ERCO,1429448.0
2025-05-26,Houston,ERCO,1325858.0
2025-05-26,Houston,ERCO,1346920.0
2025-05-26,Houston,ERCO,1357649.0
2025-05-26,Houston,ERCO,1336355.0
2025-05-26,Houston,ERCO,1325858.0
2025-05-26,Houston,ERCO,2280.0
2025-05-26,Houston,ERCO,2052.0
2025-05-26,Houston,ERCO,2006.0
2025-05-26,Houston,ERCO,2126.0
2025-05-26,Houston,ERCO,2280.0
2025-05-25,Houston,ERCO,1514585.0
2025-05-25,Houston,ERCO,1512448.0
2025-05-25,Houston,ERCO,1511505.0
2025-05-25,Houston,ERCO,1513352.0
2025-05-25,Houston,ERCO,1514585.0
2025-05-25,Houston,ERCO,1517998.0
2025-05-25,Houston,ERCO,1520614.0
2025-05-25,Houston,ERCO,1520866.0
2025-05-25,Houston,ERCO,1519234.0
2025-05-25,Houston,ERCO,1517998.0
2025-05-25,Houston,ERCO,1515557.0
2025-05-25,Houston,ERCO,1513377.0
2025-05-25,Houston,ERCO,1512406.0
2025-05-25,Houston,ERCO,1514373.0
2025-05-25,Houston,ERCO,1515557.0
2025-05-25,Houston,ERCO,965.0
2025-05-25,Houston,ERCO,921.0
2025-05-25,Houston,ERCO,892.0
2025-05-25,Houston,ERCO,1013.0
2025-05-25,Houston,ERCO,965.0
2025-05-24,Houston,ERCO,1519272.0
2025-05-24,Houston,ERCO,1520807.0
2025-05-24,Houston,ERCO,1521799.0
2025-05-24,Houston,ERCO,1520147.0
2025-05-24,Houston,ERCO,1519272.0
2025-05-24,Houston,ERCO,1518614.0
2025-05-24,Houston,ERCO,1518845.0
2025-05-24,Houston,ERCO,1516404.0
2025-05-24,Houston,ERCO,1518878.0
2025-05-24,Houston,ERCO,1518614.0
2025-05-24,Houston,ERCO,1519663.0
2025-05-24,Houston,ERCO,1521719.0
2025-05-24,Houston,ERCO,1522798.0
2025-05-24,Houston,ERCO,1520826.0
2025-05-24,Houston,ERCO,1519663.0
2025-05-24,Houston,ERCO,403.0
2025-05-24,Houston,ERCO,924.0
2025-05-24,Houston,ERCO,1011.0
2025-05-24,Houston,ERCO,691.0
2025-05-24,Houston,ERCO,403.0
2025-05-23,Houston,ERCO,1517942.0
2025-05-23,Houston,ERCO,1511983.0
2025-05-23,Houston,ERCO,1508869.0
2025-05-23,Houston,ERCO,1514965.0
2025-05-23,Houston,ERCO,1517942.0
2025-05-23,Houston,ERCO,1466351.0
2025-05-23,Houston,ERCO,1456401.0
2025-05-23,Houston,ERCO,1454379.0
2025-05-23,Houston,ERCO,1460990.0
2025-05-23,Houston,ERCO,1466351.0
2025-05-23,Houston,ERCO,1518872.0
2025-05-23,Houston,ERCO,1512760.0
2025-05-23,Houston,ERCO,1509610.0
2025-05-23,Houston,ERCO,1515753.0
2025-05-23,Houston,ERCO,1518872.0
2025-05-23,Houston,ERCO,943.0
2025-05-23,Houston,ERCO,790.0
2025-05-23,Houston,ERCO,755.0
2025-05-23,Houston,ERCO,801.0
2025-05-23,Houston,ERCO,943.0
2025-05-22,Houston,ERCO,1483819.0
2025-05-22,Houston,ERCO,1478856.0
2025-05-22,Houston,ERCO,1475989.0
2025-05-22,Houston,ERCO,1481572.0
2025-05-22,Houston,ERCO,1483819.0
2025-05-22,Houston,ERCO,1433507.0
2025-05-22,Houston,ERCO,1430008.0
2025-05-22,Houston,ERCO,1427906.0
2025-05-22,Houston,ERCO,1431873.0
2025-05-22,Houston,ERCO,1433507.0
2025-05-22,Houston,ERCO,1484885.0
2025-05-22,Houston,ERCO,1479753.0
2025-05-22,Houston,ERCO,1477028.0
2025-05-22,Houston,ERCO,1482568.0
2025-05-22,Houston,ERCO,1484885.0
2025-05-22,Houston,ERCO,1070.0
2025-05-22,Houston,ERCO,901.0
2025-05-22,Houston,ERCO,1043.0
2025-05-22,Houston,ERCO,1000.0
2025-05-22,Houston,ERCO,1070.0
2025-05-21,Houston,ERCO,1386664.0
2025-05-21,Houston,ERCO,1382622.0
2025-05-21,Houston,ERCO,1380919.0
2025-05-21,Houston,ERCO,1384560.0
2025-05-21,Houston,ERCO,1386664.0
2025-05-21,Houston,ERCO,1384017.0
2025-05-21,Houston,ERCO,1383680.0
2025-05-21,Houston,ERCO,1385142.0
2025-05-21,Houston,ERCO,1383691.0
2025-05-21,Houston,ERCO,1384017.0
2025-05-21,Houston,ERCO,1390188.0
2025-05-21,Houston,ERCO,1386507.0
2025-05-21,Houston,ERCO,1384715.0
2025-05-21,Houston,ERCO,1388241.0
2025-05-21,Houston,ERCO,1390188.0
2025-05-21,Houston,ERCO,3526.0
2025-05-21,Houston,ERCO,3881.0
2025-05-21,Houston,ERCO,3791.0
2025-05-21,Houston,ERCO,3683.0
2025-05-21,Houston,ERCO,3526.0
2025-05-20,Houston,ERCO,1429415.0
2025-05-20,Houston,ERCO,1437151.0
2025-05-20,Houston,ERCO,1440654.0
2025-05-20,Houston,ERCO,1433316.0
2025-05-20,Houston,ERCO,1429415.0
2025-05-20,Houston,ERCO,1446483.0
2025-05-20,Houston,ERCO,1451573.0
2025-05-20,Houston,ERCO,1452682.0
2025-05-20,Houston,ERCO,1449142.0
2025-05-20,Houston,ERCO,1446483.0
2025-05-20,Houston,ERCO,1427655.0
2025-05-20,Houston,ERCO,1435291.0
2025-05-20,Houston,ERCO,1438887.0
2025-05-20,Houston,ERCO,1431532.0
2025-05-20,Houston,ERCO,1427655.0
2025-05-20,Houston,ERCO,-1762.0
2025-05-20,Houston,ERCO,-1856.0
2025-05-20,Houston,ERCO,-1762.0
2025-05-20,Houston,ERCO,-1786.0
2025-05-20,Houston,ERCO,-1762.0
2025-05-19,Houston,ERCO,1467411.0
2025-05-19,Houston,ERCO,1467257.0
2025-05-19,Houston,ERCO,1466753.0
2025-05-19,Houston,ERCO,1467472.0
2025-05-19,Houston,ERCO,1467411.0
2025-05-19,Houston,ERCO,1467548.0
2025-05-19,Houston,ERCO,1467582.0
2025-05-19,Houston,ERCO,1467063.0
2025-05-19,Houston,ERCO,1467823.0
2025-05-19,Houston,ERCO,1467548.0
2025-05-19,Houston,ERCO,1469816.0
2025-05-19,Houston,ERCO,1469434.0
2025-05-19,Houston,ERCO,1468825.0
2025-05-19,Houston,ERCO,1469812.0
2025-05-19,Houston,ERCO,1469816.0
2025-05-19,Houston,ERCO,2409.0
2025-05-19,Houston,ERCO,2180.0
2025-05-19,Houston,ERCO,2074.0
2025-05-19,Houston,ERCO,2343.0
2025-05-19,Houston,ERCO,2409.0
2025-05-18,Houston,ERCO,1419175.0
2025-05-18,Houston,ERCO,1419442.0
2025-05-18,Houston,ERCO,1419286.0
2025-05-18,Houston,ERCO,1419297.0
2025-05-18,Houston,ERCO,1419175.0
2025-05-18,Houston,ERCO,1411749.0
2025-05-18,Houston,ERCO,1411424.0
2025-05-18,Houston,ERCO,1410721.0
2025-05-18,Houston,ERCO,1411576.0
2025-05-18,Houston,ERCO,1411749.0
2025-05-18,Houston,ERCO,1417878.0
2025-05-18,Houston,ERCO,1418099.0
2025-05-18,Houston,ERCO,1417968.0
2025-05-18,Houston,ERCO,1417943.0
2025-05-18,Houston,ERCO,1417878.0
2025-05-18,Houston,ERCO,-1298.0
2025-05-18,Houston,ERCO,-1343.0
2025-05-18,Houston,ERCO,-1318.0
2025-05-18,Houston,ERCO,-1354.0
2025-05-18,Houston,ERCO,-1298.0
2025-05-17,Houston,ERCO,1450839.0
2025-05-17,Houston,ERCO,1451373.0
2025-05-17,Houston,ERCO,1452414.0
2025-05-17,Houston,ERCO,1450776.0
2025-05-17,Houston,ERCO,1450839.0
2025-05-17,Houston,ERCO,1422332.0
2025-05-17,Houston,ERCO,1424784.0
2025-05-17,Houston,ERCO,1427098.0
2025-05-17,Houston,ERCO,1423209.0
2025-05-17,Houston,ERCO,1422332.0
2025-05-17,Houston,ERCO,1452069.0
2025-05-17,Houston,ERCO,1453110.0
2025-05-17,Houston,ERCO,1454257.0
2025-05-17,Houston,ERCO,1452250.0
2025-05-17,Houston,ERCO,1452069.0
2025-05-17,Houston,ERCO,1239.0
2025-05-17,Houston,ERCO,1748.0
2025-05-17,Houston,ERCO,1853.0
2025-05-17,Houston,ERCO,1484.0
2025-05-17,Houston,ERCO,1239.0
2025-05-16,Houston,ERCO,1472815.0
2025-05-16,Houston,ERCO,1470392.0
2025-05-16,Houston,ERCO,1469320.0
2025-05-16,Houston,ERCO,1471812.0
2025-05-16,Houston,ERCO,1472815.0
2025-05-16,Houston,ERCO,1467202.0
2025-05-16,Houston,ERCO,1465305.0
2025-05-16,Houston,ERCO,1466034.0
2025-05-16,Houston,ERCO,1466327.0
2025-05-16,Houston,ERCO,1467202.0
2025-05-16,Houston,ERCO,1473654.0
2025-05-16,Houston,ERCO,1470944.0
2025-05-16,Houston,ERCO,1469846.0
2025-05-16,Houston,ERCO,1472528.0
2025-05-16,Houston,ERCO,1473654.0
2025-05-16,Houston,ERCO,845.0
2025-05-16,Houston,ERCO,557.0
2025-05-16,Houston,ERCO,532.0
2025-05-16,Houston,ERCO,722.0
2025-05-16,Houston,ERCO,845.0
2025-05-15,Houston,ERCO,1463810.0
2025-05-15,Houston,ERCO,1464920.0
2025-05-15,Houston,ERCO,1466185.0
2025-05-15,Houston,ERCO,1464160.0
2025-05-15,Houston,ERCO,1463810.0
2025-05-15,Houston,ERCO,1490862.0
2025-05-15,Houston,ERCO,1494829.0
2025-05-15,Houston,ERCO,1497357.0
2025-05-15,Houston,ERCO,1492714.0
2025-05-15,Houston,ERCO,1490862.0
2025-05-15,Houston,ERCO,1465228.0
2025-05-15,Houston,ERCO,1466195.0
2025-05-15,Houston,ERCO,1467406.0
2025-05-15,Houston,ERCO,1465530.0
2025-05-15,Houston,ERCO,1465228.0
2025-05-15,Houston,ERCO,1415.0
2025-05-15,Houston,ERCO,1271.0
2025-05-15,Houston,ERCO,1216.0
2025-05-15,Houston,ERCO,1366.0
2025-05-15,Houston,ERCO,1415.0
2025-05-14,Houston,ERCO,1484450.0
2025-05-14,Houston,ERCO,1482292.0
2025-05-14,Houston,ERCO,1481049.0
2025-05-14,Houston,ERCO,1483380.0
2025-05-14,Houston,ERCO,1484450.0
2025-05-14,Houston,ERCO,1532955.0
2025-05-14,Houston,ERCO,1528560.0
2025-05-14,Houston,ERCO,1524664.0
2025-05-14,Houston,ERCO,1530786.0
2025-05-14,Houston,ERCO,1532955.0
2025-05-14,Houston,ERCO,1487579.0
2025-05-14,Houston,ERCO,1485511.0
2025-05-14,Houston,ERCO,1484262.0
2025-05-14,Houston,ERCO,1486499.0
2025-05-14,Houston,ERCO,1487579.0
2025-05-14,Houston,ERCO,3126.0
2025-05-14,Houston,ERCO,3217.0
2025-05-14,Houston,ERCO,3213.0
2025-05-14,Houston,ERCO,3117.0
2025-05-14,Houston,ERCO,3126.0
2025-05-13,Houston,ERCO,1406912.0
2025-05-13,Houston,ERCO,1395742.0
2025-05-13,Houston,ERCO,1389522.0
2025-05-13,Houston,ERCO,1401565.0
2025-05-13,Houston,ERCO,1406912.0
2025-05-13,Houston,ERCO,1416299.0
2025-05-13,Houston,ERCO,1406374.0
2025-05-13,Houston,ERCO,1400124.0
2025-05-13,Houston,ERCO,1411714.0
2025-05-13,Houston,ERCO,1416299.0
2025-05-13,Houston,ERCO,1408181.0
2025-05-13,Houston,ERCO,1397008.0
2025-05-13,Houston,ERCO,1390647.0
2025-05-13,Houston,ERCO,1402893.0
2025-05-13,Houston,ERCO,1408181.0
2025-05-13,Houston,ERCO,1271.0
2025-05-13,Houston,ERCO,1268.0
2025-05-13,Houston,ERCO,1126.0
2025-05-13,Houston,ERCO,1330.0
2025-05-13,Houston,ERCO,1271.0
2025-05-12,Houston,ERCO,1252353.0
2025-05-12,Houston,ERCO,1242959.0
2025-05-12,Houston,ERCO,1237558.0
2025-05-12,Houston,ERCO,1247787.0
2025-05-12,Houston,ERCO,1252353.0
2025-05-12,Houston,ERCO,1250953.0
2025-05-12,Houston,ERCO,1240100.0
2025-05-12,Houston,ERCO,1235365.0
2025-05-12,Houston,ERCO,1245676.0
2025-05-12,Houston,ERCO,1250953.0
2025-05-12,Houston,ERCO,1251999.0
2025-05-12,Houston,ERCO,1242226.0
2025-05-12,Houston,ERCO,1236676.0
2025-05-12,Houston,ERCO,1247190.0
2025-05-12,Houston,ERCO,1251999.0
2025-05-12,Houston,ERCO,-349.0
2025-05-12,Houston,ERCO,-728.0
2025-05-12,Houston,ERCO,-877.0
2025-05-12,Houston,ERCO,-592.0
2025-05-12,Houston,ERCO,-349.0
2025-05-11,Houston,ERCO,1110723.0
2025-05-11,Houston,ERCO,1112412.0
2025-05-11,Houston,ERCO,1112886.0
2025-05-11,Houston,ERCO,1111600.0
2025-05-11,Houston,ERCO,1110723.0
2025-05-11,Houston,ERCO,1134589.0
2025-05-11,Houston,ERCO,1137722.0
2025-05-11,Houston,ERCO,1136291.0
2025-05-11,Houston,ERCO,1136065.0
2025-05-11,Houston,ERCO,1134589.0
2025-05-11,Houston,ERCO,1109420.0
2025-05-11,Houston,ERCO,1110903.0
2025-05-11,Houston,ERCO,1111375.0
2025-05-11,Houston,ERCO,1110179.0
2025-05-11,Houston,ERCO,1109420.0
2025-05-11,Houston,ERCO,-1295.0
2025-05-11,Houston,ERCO,-1502.0
2025-05-11,Houston,ERCO,-1504.0
2025-05-11,Houston,ERCO,-1414.0
2025-05-11,Houston,ERCO,-1295.0
2025-05-10,Houston,ERCO,1145071.0
2025-05-10,Houston,ERCO,1146976.0
2025-05-10,Houston,ERCO,1147887.0
2025-05-10,Houston,ERCO,1145837.0
2025-05-10,Houston,ERCO,1145071.0
2025-05-10,Houston,ERCO,1125559.0
2025-05-10,Houston,ERCO,1127050.0
2025-05-10,Houston,ERCO,1129005.0
2025-05-10,Houston,ERCO,1126187.0
2025-05-10,Houston,ERCO,1125559.0
2025-05-10,Houston,ERCO,1146916.0
2025-05-10,Houston,ERCO,1149228.0
2025-05-10,Houston,ERCO,1150161.0
2025-05-10,Houston,ERCO,1147951.0
2025-05-10,Houston,ERCO,1146916.0
2025-05-10,Houston,ERCO,1843.0
2025-05-10,Houston,ERCO,2249.0
2025-05-10,Houston,ERCO,2271.0
2025-05-10,Houston,ERCO,2112.0
2025-05-10,Houston,ERCO,1843.0
2025-05-09,Houston,ERCO,1189951.0
2025-05-09,Houston,ERCO,1188992.0
2025-05-09,Houston,ERCO,1188161.0
2025-05-09,Houston,ERCO,1189776.0
2025-05-09,Houston,ERCO,1189951.0
2025-05-09,Houston,ERCO,1192785.0
2025-05-09,Houston,ERCO,1193421.0
2025-05-09,Houston,ERCO,1194502.0
2025-05-09,Houston,ERCO,1193100.0
2025-05-09,Houston,ERCO,1192785.0
2025-05-09,Houston,ERCO,1190503.0
2025-05-09,Houston,ERCO,1189413.0
2025-05-09,Houston,ERCO,1188560.0
2025-05-09,Houston,ERCO,1190307.0
2025-05-09,Houston,ERCO,1190503.0
2025-05-09,Houston,ERCO,551.0
2025-05-09,Houston,ERCO,421.0
2025-05-09,Houston,ERCO,400.0
2025-05-09,Houston,ERCO,530.0
2025-05-09,Houston,ERCO,551.0
2025-05-08,Houston,ERCO,1214235.0
2025-05-08,Houston,ERCO,1216837.0
2025-05-08,Houston,ERCO,1219468.0
2025-05-08,Houston,ERCO,1215322.0
2025-05-08,Houston,ERCO,1214235.0
2025-05-08,Houston,ERCO,1224571.0
2025-05-08,Houston,ERCO,1224478.0
2025-05-08,Houston,ERCO,1225361.0
2025-05-08,Houston,ERCO,1224585.0
2025-05-08,Houston,ERCO,1224571.0
2025-05-08,Houston,ERCO,1214714.0
2025-05-08,Houston,ERCO,1217608.0
2025-05-08,Houston,ERCO,1220266.0
2025-05-08,Houston,ERCO,1215915.0
2025-05-08,Houston,ERCO,1214714.0
2025-05-08,Houston,ERCO,488.0
2025-05-08,Houston,ERCO,780.0
2025-05-08,Houston,ERCO,807.0
2025-05-08,Houston,ERCO,602.0
2025-05-08,Houston,ERCO,488.0
2025-05-07,Houston,ERCO,1222940.0
2025-05-07,Houston,ERCO,1221006.0
2025-05-07,Houston,ERCO,1219367.0
2025-05-07,Houston,ERCO,1222184.0
2025-05-07,Houston,ERCO,1222940.0
2025-05-07,Houston,ERCO,1242877.0
2025-05-07,Houston,ERCO,1243342.0
2025-05-07,Houston,ERCO,1243159.0
2025-05-07,Houston,ERCO,1243048.0
2025-05-07,Houston,ERCO,1242877.0
2025-05-07,Houston,ERCO,1222797.0
2025-05-07,Houston,ERCO,1220326.0
2025-05-07,Houston,ERCO,1218661.0
2025-05-07,Houston,ERCO,1221700.0
2025-05-07,Houston,ERCO,1222797.0
2025-05-07,Houston,ERCO,-141.0
2025-05-07,Houston,ERCO,-678.0
2025-05-07,Houston,ERCO,-705.0
2025-05-07,Houston,ERCO,-482.0
2025-05-07,Houston,ERCO,-141.0
2025-05-06,Houston,ERCO,1185381.0
2025-05-06,Houston,ERCO,1182776.0
2025-05-06,Houston,ERCO,1180863.0
2025-05-06,Houston,ERCO,1184171.0
2025-05-06,Houston,ERCO,1185381.0
2025-05-06,Houston,ERCO,1227225.0
2025-05-06,Houston,ERCO,1226011.0
2025-05-06,Houston,ERCO,1224909.0
2025-05-06,Houston,ERCO,1226883.0
2025-05-06,Houston,ERCO,1227225.0
2025-05-06,Houston,ERCO,1184259.0
2025-05-06,Houston,ERCO,1182248.0
2025-05-06,Houston,ERCO,1180893.0
2025-05-06,Houston,ERCO,1183385.0
2025-05-06,Houston,ERCO,1184259.0
2025-05-06,Houston,ERCO,-1118.0
2025-05-06,Houston,ERCO,-524.0
2025-05-06,Houston,ERCO,32.0
2025-05-06,Houston,ERCO,-782.0
2025-05-06,Houston,ERCO,-1118.0
2025-05-05,Houston,ERCO,1151316.0
2025-05-05,Houston,ERCO,1151822.0
2025-05-05,Houston,ERCO,1152905.0
2025-05-05,Houston,ERCO,1151391.0
2025-05-05,Houston,ERCO,1151316.0
2025-05-05,Houston,ERCO,1188628.0
2025-05-05,Houston,ERCO,1184444.0
2025-05-05,Houston,ERCO,1181159.0
2025-05-05,Houston,ERCO,1186462.0
2025-05-05,Houston,ERCO,1188628.0
2025-05-05,Houston,ERCO,1156673.0
2025-05-05,Houston,ERCO,1157164.0
2025-05-05,Houston,ERCO,1158020.0
2025-05-05,Houston,ERCO,1156696.0
2025-05-05,Houston,ERCO,1156673.0
2025-05-05,Houston,ERCO,5342.0
2025-05-05,Houston,ERCO,5327.0
2025-05-05,Houston,ERCO,5102.0
2025-05-05,Houston,ERCO,5290.0
2025-05-05,Houston,ERCO,5342.0
2025-05-04,Houston,ERCO,1114796.0
2025-05-04,Houston,ERCO,1112078.0
2025-05-04,Houston,ERCO,1109975.0
2025-05-04,Houston,ERCO,1113545.0
2025-05-04,Houston,ERCO,1114796.0
2025-05-04,Houston,ERCO,1085525.0
2025-05-04,Houston,ERCO,1084076.0
2025-05-04,Houston,ERCO,1084186.0
2025-05-04,Houston,ERCO,1084833.0
2025-05-04,Houston,ERCO,1085525.0
2025-05-04,Houston,ERCO,1118650.0
2025-05-04,Houston,ERCO,1115818.0
2025-05-04,Houston,ERCO,1113644.0
2025-05-04,Houston,ERCO,1117356.0
2025-05-04,Houston,ERCO,1118650.0
2025-05-04,Houston,ERCO,3846.0
2025-05-04,Houston,ERCO,3733.0
2025-05-04,Houston,ERCO,3662.0
2025-05-04,Houston,ERCO,3803.0
2025-05-04,Houston,ERCO,3846.0
2025-05-03,Houston,ERCO,1102903.0
2025-05-03,Houston,ERCO,1105959.0
2025-05-03,Houston,ERCO,1107544.0
2025-05-03,Houston,ERCO,1104418.0
2025-05-03,Houston,ERCO,1102903.0
2025-05-03,Houston,ERCO,1118711.0
2025-05-03,Houston,ERCO,1124438.0
2025-05-03,Houston,ERCO,1127723.0
2025-05-03,Houston,ERCO,1121384.0
2025-05-03,Houston,ERCO,1118711.0
2025-05-03,Houston,ERCO,1105939.0
2025-05-03,Houston,ERCO,1109167.0
2025-05-03,Houston,ERCO,1110779.0
2025-05-03,Houston,ERCO,1107529.0
2025-05-03,Houston,ERCO,1105939.0
2025-05-03,Houston,ERCO,3036.0
2025-05-03,Houston,ERCO,3208.0
2025-05-03,Houston,ERCO,3234.0
2025-05-03,Houston,ERCO,3112.0
2025-05-03,Houston,ERCO,3036.0
2025-05-02,Houston,ERCO,1189727.0
2025-05-02,Houston,ERCO,1198016.0
2025-05-02,Houston,ERCO,1203394.0
2025-05-02,Houston,ERCO,1193600.0
2025-05-02,Houston,ERCO,1189727.0
2025-05-02,Houston,ERCO,1228363.0
2025-05-02,Houston,ERCO,1235168.0
2025-05-02,Houston,ERCO,1239511.0
2025-05-02,Houston,ERCO,1231751.0
2025-05-02,Houston,ERCO,1228363.0
2025-05-02,Houston,ERCO,1190342.0
2025-05-02,Houston,ERCO,1198590.0
2025-05-02,Houston,ERCO,1203726.0
2025-05-02,Houston,ERCO,1194248.0
2025-05-02,Houston,ERCO,1190342.0
2025-05-02,Houston,ERCO,626.0
2025-05-02,Houston,ERCO,584.0
2025-05-02,Houston,ERCO,343.0
2025-05-02,Houston,ERCO,658.0
2025-05-02,Houston,ERCO,626.0
2025-05-01,Houston,ERCO,1273096.0
2025-05-01,Houston,ERCO,1270303.0
2025-05-01,Houston,ERCO,1267979.0
2025-05-01,Houston,ERCO,1271957.0
2025-05-01,Houston,ERCO,1273096.0
2025-05-01,Houston,ERCO,1311372.0
2025-05-01,Houston,ERCO,1308389.0
2025-05-01,Houston,ERCO,1306590.0
2025-05-01,Houston,ERCO,1309997.0
2025-05-01,Houston,ERCO,1311372.0
2025-05-01,Houston,ERCO,1271416.0
2025-05-01,Houston,ERCO,1268105.0
2025-05-01,Houston,ERCO,1265805.0
2025-05-01,Houston,ERCO,1269974.0
2025-05-01,Houston,ERCO,1271416.0
2025-05-01,Houston,ERCO,-1676.0
2025-05-01,Houston,ERCO,-2193.0
2025-05-01,Houston,ERCO,-2169.0
2025-05-01,Houston,ERCO,-1979.0
2025-05-01,Houston,ERCO,-1676.0
2025-04-30,Houston,ERCO,1263170.0
2025-04-30,Houston,ERCO,1268209.0
2025-04-30,Houston,ERCO,1271161.0
2025-04-30,Houston,ERCO,1265559.0
2025-04-30,Houston,ERCO,1263170.0
2025-04-30,Houston,ERCO,1282496.0
2025-04-30,Houston,ERCO,1286644.0
2025-04-30,Houston,ERCO,1289035.0
2025-04-30,Houston,ERCO,1284472.0
2025-04-30,Houston,ERCO,1282496.0
2025-04-30,Houston,ERCO,1262622.0
2025-04-30,Houston,ERCO,1267793.0
2025-04-30,Houston,ERCO,1270780.0
2025-04-30,Houston,ERCO,1265097.0
2025-04-30,Houston,ERCO,1262622.0
2025-04-30,Houston,ERCO,-541.0
2025-04-30,Houston,ERCO,-411.0
2025-04-30,Houston,ERCO,-377.0
2025-04-30,Houston,ERCO,-456.0
2025-04-30,Houston,ERCO,-541.0
2025-04-29,Houston,ERCO,1307918.0
2025-04-29,Houston,ERCO,1309069.0
2025-04-29,Houston,ERCO,1309879.0
2025-04-29,Houston,ERCO,1308355.0
2025-04-29,Houston,ERCO,1307918.0
2025-04-29,Houston,ERCO,1322344.0
2025-04-29,Houston,ERCO,1322063.0
2025-04-29,Houston,ERCO,1322071.0
2025-04-29,Houston,ERCO,1322222.0
2025-04-29,Houston,ERCO,1322344.0
2025-04-29,Houston,ERCO,1307140.0
2025-04-29,Houston,ERCO,1308119.0
2025-04-29,Houston,ERCO,1308894.0
2025-04-29,Houston,ERCO,1307453.0
2025-04-29,Houston,ERCO,1307140.0
2025-04-29,Houston,ERCO,-778.0
2025-04-29,Houston,ERCO,-948.0
2025-04-29,Houston,ERCO,-982.0
2025-04-29,Houston,ERCO,-900.0
2025-04-29,Houston,ERCO,-778.0
2025-04-28,Houston,ERCO,1323896.0
2025-04-28,Houston,ERCO,1323819.0
2025-04-28,Houston,ERCO,1323569.0
2025-04-28,Houston,ERCO,1323962.0
2025-04-28,Houston,ERCO,1323896.0
2025-04-28,Houston,ERCO,1333928.0
2025-04-28,Houston,ERCO,1335380.0
2025-04-28,Houston,ERCO,1333840.0
2025-04-28,Houston,ERCO,1334691.0
2025-04-28,Houston,ERCO,1333928.0
2025-04-28,Houston,ERCO,1319804.0
2025-04-28,Houston,ERCO,1319742.0
2025-04-28,Houston,ERCO,1319555.0
2025-04-28,Houston,ERCO,1319881.0
2025-04-28,Houston,ERCO,1319804.0
2025-04-28,Houston,ERCO,-4082.0
2025-04-28,Houston,ERCO,-4066.0
2025-04-28,Houston,ERCO,-4002.0
2025-04-28,Houston,ERCO,-4071.0
2025-04-28,Houston,ERCO,-4082.0
2025-04-27,Houston,ERCO,1274196.0
2025-04-27,Houston,ERCO,1270821.0
2025-04-27,Houston,ERCO,1268886.0
2025-04-27,Houston,ERCO,1272272.0
2025-04-27,Houston,ERCO,1274196.0
2025-04-27,Houston,ERCO,1253216.0
2025-04-27,Houston,ERCO,1250413.0
2025-04-27,Houston,ERCO,1249852.0
2025-04-27,Houston,ERCO,1251860.0
2025-04-27,Houston,ERCO,1253216.0
2025-04-27,Houston,ERCO,1272403.0
2025-04-27,Houston,ERCO,1269354.0
2025-04-27,Houston,ERCO,1267380.0
2025-04-27,Houston,ERCO,1270651.0
2025-04-27,Houston,ERCO,1272403.0
2025-04-27,Houston,ERCO,-1783.0
2025-04-27,Houston,ERCO,-1456.0
2025-04-27,Houston,ERCO,-1496.0
2025-04-27,Houston,ERCO,-1610.0
2025-04-27,Houston,ERCO,-1783.0
2025-04-26,Houston,ERCO,1242070.0
2025-04-26,Houston,ERCO,1242288.0
2025-04-26,Houston,ERCO,1242701.0
2025-04-26,Houston,ERCO,1242322.0
2025-04-26,Houston,ERCO,1242070.0
2025-04-26,Houston,ERCO,1252465.0
2025-04-26,Houston,ERCO,1253625.0
2025-04-26,Houston,ERCO,1254663.0
2025-04-26,Houston,ERCO,1252992.0
2025-04-26,Houston,ERCO,1252465.0
2025-04-26,Houston,ERCO,1240417.0
2025-04-26,Houston,ERCO,1240453.0
2025-04-26,Houston,ERCO,1240843.0
2025-04-26,Houston,ERCO,1240586.0
2025-04-26,Houston,ERCO,1240417.0
2025-04-26,Houston,ERCO,-1650.0
2025-04-26,Houston,ERCO,-1834.0
2025-04-26,Houston,ERCO,-1857.0
2025-04-26,Houston,ERCO,-1734.0
2025-04-26,Houston,ERCO,-1650.0
2025-04-25,Houston,ERCO,1261867.0
2025-04-25,Houston,ERCO,1256501.0
2025-04-25,Houston,ERCO,1253204.0
2025-04-25,Houston,ERCO,1259524.0
2025-04-25,Houston,ERCO,1261867.0
2025-04-25,Houston,ERCO,1284660.0
2025-04-25,Houston,ERCO,1280445.0
2025-04-25,Houston,ERCO,1279690.0
2025-04-25,Houston,ERCO,1282613.0
2025-04-25,Houston,ERCO,1284660.0
2025-04-25,Houston,ERCO,1260485.0
2025-04-25,Houston,ERCO,1255169.0
2025-04-25,Houston,ERCO,1251871.0
2025-04-25,Houston,ERCO,1258125.0
2025-04-25,Houston,ERCO,1260485.0
2025-04-25,Houston,ERCO,-1375.0
2025-04-25,Houston,ERCO,-1326.0
2025-04-25,Houston,ERCO,-1326.0
2025-04-25,Houston,ERCO,-1393.0
2025-04-25,Houston,ERCO,-1375.0
2025-04-24,Houston,ERCO,1237172.0
2025-04-24,Houston,ERCO,1240716.0
2025-04-24,Houston,ERCO,1242532.0
2025-04-24,Houston,ERCO,1238857.0
2025-04-24,Houston,ERCO,1237172.0
2025-04-24,Houston,ERCO,1271021.0
2025-04-24,Houston,ERCO,1271877.0
2025-04-24,Houston,ERCO,1270596.0
2025-04-24,Houston,ERCO,1271392.0
2025-04-24,Houston,ERCO,1271021.0
2025-04-24,Houston,ERCO,1237904.0
2025-04-24,Houston,ERCO,1241283.0
2025-04-24,Houston,ERCO,1243098.0
2025-04-24,Houston,ERCO,1239547.0
2025-04-24,Houston,ERCO,1237904.0
2025-04-24,Houston,ERCO,731.0
2025-04-24,Houston,ERCO,566.0
2025-04-24,Houston,ERCO,565.0
2025-04-24,Houston,ERCO,689.0
2025-04-24,Houston,ERCO,731.0
2025-04-23,Houston,ERCO,1247638.0
2025-04-23,Houston,ERCO,1249686.0
2025-04-23,Houston,ERCO,1251724.0
2025-04-23,Houston,ERCO,1248399.0
2025-04-23,Houston,ERCO,1247638.0
2025-04-23,Houston,ERCO,1261210.0
2025-04-23,Houston,ERCO,1263477.0
2025-04-23,Houston,ERCO,1264739.0
2025-04-23,Houston,ERCO,1262218.0
2025-04-23,Houston,ERCO,1261210.0
2025-04-23,Houston,ERCO,1245668.0
2025-04-23,Houston,ERCO,1247654.0
2025-04-23,Houston,ERCO,1249658.0
2025-04-23,Houston,ERCO,1246398.0
2025-04-23,Houston,ERCO,1245668.0
2025-04-23,Houston,ERCO,-1961.0
2025-04-23,Houston,ERCO,-2023.0
2025-04-23,Houston,ERCO,-2058.0
2025-04-23,Houston,ERCO,-1992.0
2025-04-23,Houston,ERCO,-1961.0
2025-04-22,Houston,ERCO,1285560.0
2025-04-22,Houston,ERCO,1280596.0
2025-04-22,Houston,ERCO,1277673.0
2025-04-22,Houston,ERCO,1283225.0
2025-04-22,Houston,ERCO,1285560.0
2025-04-22,Houston,ERCO,1268057.0
2025-04-22,Houston,ERCO,1264101.0
2025-04-22,Houston,ERCO,1261583.0
2025-04-22,Houston,ERCO,1266231.0
2025-04-22,Houston,ERCO,1268057.0
2025-04-22,Houston,ERCO,1282454.0
2025-04-22,Houston,ERCO,1277430.0
2025-04-22,Houston,ERCO,1274491.0
2025-04-22,Houston,ERCO,1280080.0
2025-04-22,Houston,ERCO,1282454.0
2025-04-22,Houston,ERCO,-3100.0
2025-04-22,Houston,ERCO,-3160.0
2025-04-22,Houston,ERCO,-3176.0
2025-04-22,Houston,ERCO,-3139.0
2025-04-22,Houston,ERCO,-3100.0
2025-04-21,Houston,ERCO,1207627.0
2025-04-21,Houston,ERCO,1203414.0
2025-04-21,Houston,ERCO,1200622.0
2025-04-21,Houston,ERCO,1205672.0
2025-04-21,Houston,ERCO,1207627.0
2025-04-21,Houston,ERCO,1222526.0
2025-04-21,Houston,ERCO,1219232.0
2025-04-21,Houston,ERCO,1217586.0
2025-04-21,Houston,ERCO,1221059.0
2025-04-21,Houston,ERCO,1222526.0
2025-04-21,Houston,ERCO,1206075.0
2025-04-21,Houston,ERCO,1202150.0
2025-04-21,Houston,ERCO,1199377.0
2025-04-21,Houston,ERCO,1204305.0
2025-04-21,Houston,ERCO,1206075.0
2025-04-21,Houston,ERCO,-1546.0
2025-04-21,Houston,ERCO,-1257.0
2025-04-21,Houston,ERCO,-1238.0
2025-04-21,Houston,ERCO,-1360.0
2025-04-21,Houston,ERCO,-1546.0
2025-04-20,Houston,ERCO,1156174.0
2025-04-20,Houston,ERCO,1164313.0
2025-04-20,Houston,ERCO,1167853.0
2025-04-20,Houston,ERCO,1160109.0
2025-04-20,Houston,ERCO,1156174.0
2025-04-20,Houston,ERCO,1167010.0
2025-04-20,Houston,ERCO,1173325.0
2025-04-20,Houston,ERCO,1176288.0
2025-04-20,Houston,ERCO,1170273.0
2025-04-20,Houston,ERCO,1167010.0
2025-04-20,Houston,ERCO,1152804.0
2025-04-20,Houston,ERCO,1160824.0
2025-04-20,Houston,ERCO,1164507.0
2025-04-20,Houston,ERCO,1156624.0
2025-04-20,Houston,ERCO,1152804.0
2025-04-20,Houston,ERCO,-3360.0
2025-04-20,Houston,ERCO,-3480.0
2025-04-20,Houston,ERCO,-3336.0
2025-04-20,Houston,ERCO,-3476.0
2025-04-20,Houston,ERCO,-3360.0
2025-04-19,Houston,ERCO,1201797.0
2025-04-19,Houston,ERCO,1206502.0
2025-04-19,Houston,ERCO,1209716.0
2025-04-19,Houston,ERCO,1204062.0
2025-04-19,Houston,ERCO,1201797.0
2025-04-19,Houston,ERCO,1242052.0
2025-04-19,Houston,ERCO,1246521.0
2025-04-19,Houston,ERCO,1250085.0
2025-04-19,Houston,ERCO,1243984.0
2025-04-19,Houston,ERCO,1242052.0
2025-04-19,Houston,ERCO,1200299.0
2025-04-19,Houston,ERCO,1204957.0
2025-04-19,Houston,ERCO,1208096.0
2025-04-19,Houston,ERCO,1202564.0
2025-04-19,Houston,ERCO,1200299.0
2025-04-19,Houston,ERCO,-1488.0
2025-04-19,Houston,ERCO,-1534.0
2025-04-19,Houston,ERCO,-1609.0
2025-04-19,Houston,ERCO,-1488.0
2025-04-19,Houston,ERCO,-1488.0
2025-04-18,Houston,ERCO,1287137.0
2025-04-18,Houston,ERCO,1283826.0
2025-04-18,Houston,ERCO,1282488.0
2025-04-18,Houston,ERCO,1285446.0
2025-04-18,Houston,ERCO,1287137.0
2025-04-18,Houston,ERCO,1310984.0
2025-04-18,Houston,ERCO,1307293.0
2025-04-18,Houston,ERCO,1304177.0
2025-04-18,Houston,ERCO,1309148.0
2025-04-18,Houston,ERCO,1310984.0
2025-04-18,Houston,ERCO,1286385.0
2025-04-18,Houston,ERCO,1283176.0
2025-04-18,Houston,ERCO,1281920.0
2025-04-18,Houston,ERCO,1284744.0
2025-04-18,Houston,ERCO,1286385.0
2025-04-18,Houston,ERCO,-744.0
2025-04-18,Houston,ERCO,-643.0
2025-04-18,Houston,ERCO,-561.0
2025-04-18,Houston,ERCO,-694.0
2025-04-18,Houston,ERCO,-744.0
2025-04-17,Houston,ERCO,1272816.0
2025-04-17,Houston,ERCO,1269757.0
2025-04-17,Houston,ERCO,1268273.0
2025-04-17,Houston,ERCO,1271316.0
2025-04-17,Houston,ERCO,1272816.0
2025-04-17,Houston,ERCO,1263414.0
2025-04-17,Houston,ERCO,1258187.0
2025-04-17,Houston,ERCO,1257433.0
2025-04-17,Houston,ERCO,1260843.0
2025-04-17,Houston,ERCO,1263414.0
2025-04-17,Houston,ERCO,1270312.0
2025-04-17,Houston,ERCO,1267150.0
2025-04-17,Houston,ERCO,1265596.0
2025-04-17,Houston,ERCO,1268761.0
2025-04-17,Houston,ERCO,1270312.0
2025-04-17,Houston,ERCO,-2492.0
2025-04-17,Houston,ERCO,-2594.0
2025-04-17,Houston,ERCO,-2664.0
2025-04-17,Houston,ERCO,-2542.0
2025-04-17,Houston,ERCO,-2492.0
